backstop_fraction,dt,l1,l2,mean_steps_per_path,proj_post_projection_fraction,proj_pre_floor_fraction,proj_y_floor,reference,reference_n_steps,regime,runtime_s,scheme,scheme_variant,sensitivity_kind
nan,0.0625,0.0004846262664914157,0.0006196619288385016,16.0,,,,HH,4096,A,0.00732179987244308,FTE,fixed,strong_error
nan,0.03125,0.0003044013090632333,0.00038938355692918645,32.0,,,,HH,4096,A,0.0068808000069111586,FTE,fixed,strong_error
nan,0.015625,0.0001974785543623287,0.00024966208813201253,64.0,,,,HH,4096,A,0.010182099882513285,FTE,fixed,strong_error
nan,0.0078125,0.0001286854585974952,0.0001626668769424987,128.0,,,,HH,4096,A,0.012956799939274788,FTE,fixed,strong_error
nan,0.00390625,8.757684623680463e-05,0.00011032488958297519,256.0,,,,HH,4096,A,0.028787899995222688,FTE,fixed,strong_error
nan,0.001953125,6.443779520451154e-05,8.086994636093246e-05,512.0,,,,HH,4096,A,0.05250340001657605,FTE,fixed,strong_error
nan,0.0625,0.00031989098330945673,0.0004075445907456566,16.0,0.0,0.0,0.0125,HH,4096,A,0.009545800043269992,ProjEuler,fixed,strong_error
nan,0.03125,0.00015282451362342474,0.0001973016146052214,32.0,0.0,0.0,0.008838834764831846,HH,4096,A,0.007233000127598643,ProjEuler,fixed,strong_error
nan,0.015625,7.721670732467144e-05,9.833813904580004e-05,64.0,0.0,0.0,0.00625,HH,4096,A,0.010419599944725633,ProjEuler,fixed,strong_error
nan,0.0078125,3.786744781072471e-05,4.844538944567083e-05,128.0,0.0,0.0,0.004419417382415923,HH,4096,A,0.012302699964493513,ProjEuler,fixed,strong_error
nan,0.00390625,1.8690698957747006e-05,2.429205982023519e-05,256.0,0.0,0.0,0.003125,HH,4096,A,0.022536000004038215,ProjEuler,fixed,strong_error
nan,0.001953125,9.093431204407444e-06,1.1631107134686193e-05,512.0,0.0,0.0,0.0022097086912079614,HH,4096,A,0.04616829985752702,ProjEuler,fixed,strong_error
nan,0.0625,0.0010575380095305413,0.0011055151198233948,16.0,,,,HH,4096,A,0.006470000138506293,KL,uniform,strong_error
nan,0.03125,0.0005354580459981991,0.0005591894329949491,32.0,,,,HH,4096,A,0.007782600121572614,KL,uniform,strong_error
nan,0.015625,0.0002685914055017373,0.00028006164334962234,64.0,,,,HH,4096,A,0.006682700011879206,KL,uniform,strong_error
nan,0.0078125,0.00013477692144480075,0.0001404253835387426,128.0,,,,HH,4096,A,0.010127199813723564,KL,uniform,strong_error
nan,0.00390625,6.743611798263408e-05,7.043402683706305e-05,256.0,,,,HH,4096,A,0.015639400109648705,KL,uniform,strong_error
nan,0.001953125,3.377082041334384e-05,3.5303806653916044e-05,512.0,,,,HH,4096,A,0.03385340003296733,KL,uniform,strong_error
0.0,0.0625,4.011712446875654e-05,5.214577236921124e-05,119.807,,,,HH,4096,A,0.10330990003421903,KLM,implicit,strong_error
0.0,0.03125,1.97725071477779e-05,2.5476049225015406e-05,242.7545,,,,HH,4096,A,0.1353806999977678,KLM,implicit,strong_error
0.0,0.015625,9.18938254027602e-06,1.1834383839321668e-05,500.707,,,,HH,4096,A,0.24963740003295243,KLM,implicit,strong_error
0.0,0.0078125,3.92750535059358e-06,5.076587203838773e-06,1073.0085,,,,HH,4096,A,0.3161528999917209,KLM,implicit,strong_error
0.0003958400092065045,0.00390625,1.4131011692332676e-06,1.8199727352645435e-06,2519.9575,,,,HH,4096,A,0.6378931999206543,KLM,implicit,strong_error
0.2383790283203125,0.001953125,1.1395680098764673e-06,1.5111583064990532e-06,4096.0,,,,HH,4096,A,1.0530124001670629,KLM,implicit,strong_error
nan,0.0625,0.0034231892066602,0.0050969674900388,16.0,,,,HH,4096,C,0.00584929995238781,FTE,fixed,strong_error
nan,0.03125,0.002396574109229694,0.003423133167763195,32.0,,,,HH,4096,C,0.015560500090941787,FTE,fixed,strong_error
nan,0.015625,0.0016521995043135274,0.0022725733395806457,64.0,,,,HH,4096,C,0.007802299922332168,FTE,fixed,strong_error
nan,0.0078125,0.001149638239767239,0.0015765209454793871,128.0,,,,HH,4096,C,0.011246600188314915,FTE,fixed,strong_error
nan,0.00390625,0.0007849030558478733,0.0010714263410733092,256.0,,,,HH,4096,C,0.017697300063446164,FTE,fixed,strong_error
nan,0.001953125,0.0005777929491262432,0.0007749208426591361,512.0,,,,HH,4096,C,0.030350999906659126,FTE,fixed,strong_error
nan,0.0625,0.0011256255817932153,0.0017000725007553473,16.0,0.05640625,0.052375,0.035355339059327376,HH,4096,C,0.006816699868068099,ProjEuler,fixed,strong_error
nan,0.03125,0.0005880461660660674,0.0009422337462325036,32.0,0.027171875,0.025984375,0.025,HH,4096,C,0.006486400030553341,ProjEuler,fixed,strong_error
nan,0.015625,0.00031391538187608203,0.0005125197356274285,64.0,0.0134296875,0.013171875,0.017677669529663688,HH,4096,C,0.0064067000057548285,ProjEuler,fixed,strong_error
nan,0.0078125,0.00015976514560404312,0.0002702662627953606,128.0,0.00666015625,0.00659765625,0.0125,HH,4096,C,0.012413300108164549,ProjEuler,fixed,strong_error
nan,0.00390625,8.373448366618322e-05,0.0001426815161110789,256.0,0.00322265625,0.00321484375,0.008838834764831844,HH,4096,C,0.017662700032815337,ProjEuler,fixed,strong_error
nan,0.001953125,4.350256837163072e-05,7.903051904987596e-05,512.0,0.0016015625,0.001599609375,0.00625,HH,4096,C,0.04136869986541569,ProjEuler,fixed,strong_error
nan,0.0625,0.0011694702532741286,0.0015919728927959091,16.0,,,,HH,4096,C,0.007986200042068958,KL,uniform,strong_error
nan,0.03125,0.0006084204761286596,0.0008440043981040203,32.0,,,,HH,4096,C,0.004967699991539121,KL,uniform,strong_error
nan,0.015625,0.0003086731729544582,0.0004299389847226559,64.0,,,,HH,4096,C,0.0068194998893886805,KL,uniform,strong_error
nan,0.0078125,0.00016021301845100698,0.00022540575464020623,128.0,,,,HH,4096,C,0.009355900110676885,KL,uniform,strong_error
nan,0.00390625,8.19500240953141e-05,0.0001185682012639539,256.0,,,,HH,4096,C,0.01599270012229681,KL,uniform,strong_error
nan,0.001953125,4.156051592880374e-05,6.328216744928273e-05,512.0,,,,HH,4096,C,0.03362039988860488,KL,uniform,strong_error
0.057678339161134476,0.0625,9.172709898258306e-05,0.00013639337468334108,177.597,,,,HH,4096,C,0.2437766999937594,KLM,implicit,strong_error
0.053564903204614975,0.03125,4.624935697034409e-05,6.963799496862967e-05,365.3325,,,,HH,4096,C,0.2919606000650674,KLM,implicit,strong_error
0.048806743365723784,0.015625,2.2342573865711214e-05,3.350614525360113e-05,780.3225,,,,HH,4096,C,0.47112199990078807,KLM,implicit,strong_error
0.09178536873704989,0.0078125,1.2539673973812022e-05,2.0829064652269527e-05,1569.967,,,,HH,4096,C,0.6611702998634428,KLM,implicit,strong_error
0.187092663931742,0.00390625,8.906028863533802e-06,1.8751931129293156e-05,2939.1425,,,,HH,4096,C,1.0387636998202652,KLM,implicit,strong_error
0.499875722144656,0.001953125,8.834027587010464e-06,1.9699491769963126e-05,4041.3475,,,,HH,4096,C,2.468324000015855,KLM,implicit,strong_error
nan,0.0625,0.010325284206848653,0.017623479958135235,16.0,,,,HH,4096,D,0.011336399940773845,FTE,fixed,strong_error
nan,0.03125,0.008206099247115723,0.01480088350314791,32.0,,,,HH,4096,D,0.007940900046378374,FTE,fixed,strong_error
nan,0.015625,0.006496966807900027,0.01117301708849474,64.0,,,,HH,4096,D,0.021343600004911423,FTE,fixed,strong_error
nan,0.0078125,0.004947822953906428,0.00864252718478693,128.0,,,,HH,4096,D,0.03457899997010827,FTE,fixed,strong_error
nan,0.00390625,0.00383245824998838,0.006702322705659347,256.0,,,,HH,4096,D,0.03913239995017648,FTE,fixed,strong_error
nan,0.001953125,0.0029949766649202177,0.005416071096154038,512.0,,,,HH,4096,D,0.05423990008421242,FTE,fixed,strong_error
nan,0.0625,0.006170360862347155,0.008596242647492223,16.0,0.301625,0.28190625,0.0625,HH,4096,D,0.017508199904114008,ProjEuler,fixed,strong_error
nan,0.03125,0.004072453106279275,0.005972217487047391,32.0,0.218484375,0.211109375,0.04419417382415922,HH,4096,D,0.020426200004294515,ProjEuler,fixed,strong_error
nan,0.015625,0.0027449894863591897,0.004215015781868408,64.0,0.1632734375,0.16040625,0.03125,HH,4096,D,0.011133000021800399,ProjEuler,fixed,strong_error
nan,0.0078125,0.0018285516860568646,0.0029391125427994202,128.0,0.12394921875,0.12280859375,0.02209708691207961,HH,4096,D,0.02737089991569519,ProjEuler,fixed,strong_error
nan,0.00390625,0.001248095296237969,0.0020487535634104046,256.0,0.0955078125,0.095064453125,0.015625,HH,4096,D,0.03332110005430877,ProjEuler,fixed,strong_error
nan,0.001953125,0.0007932163854978095,0.0013000347956498052,512.0,0.074287109375,0.0741142578125,0.011048543456039806,HH,4096,D,0.06919130007736385,ProjEuler,fixed,strong_error
0.287483542721978,0.0625,0.005930884622887367,0.010849609382892648,22.4065,,,,HH,4096,D,0.10454929992556572,KL,adaptive-soft-zero,strong_error
0.24155476353337893,0.03125,0.004284448650547874,0.007634570376215221,41.6655,,,,HH,4096,D,0.1265672999434173,KL,adaptive-soft-zero,strong_error
0.20043009115648847,0.015625,0.003545102216301411,0.00634346683896019,78.8205,,,,HH,4096,D,0.15431970008648932,KL,adaptive-soft-zero,strong_error
0.16410079529851884,0.0078125,0.0027748120411318885,0.00508899112414286,150.761,,,,HH,4096,D,0.19693509978242218,KL,adaptive-soft-zero,strong_error
0.13250292277009834,0.00390625,0.0020904613561065015,0.0039050265873343936,290.82,,,,HH,4096,D,0.3484836998395622,KL,adaptive-soft-zero,strong_error
0.10547892893438346,0.001953125,0.0017278015543897686,0.0034023269499602682,564.3165,,,,HH,4096,D,0.38056580000557005,KL,adaptive-soft-zero,strong_error
0.35332682318529623,0.0625,0.0005834124433502772,0.0009920511409214352,327.1815,,,,HH,4096,D,0.27261109999381006,KLM,projected,strong_error
0.3650891383842919,0.03125,0.00031239430488026596,0.0005689496329775243,692.687,,,,HH,4096,D,0.5524887999054044,KLM,projected,strong_error
0.35969036532700305,0.015625,0.00017017310581930972,0.00024877101263420776,1498.411,,,,HH,4096,D,0.8427142999134958,KLM,projected,strong_error
0.4137572746908047,0.0078125,0.000171940505043849,0.00025768232958192075,2236.693,,,,HH,4096,D,1.730823100078851,KLM,projected,strong_error
0.4856486905674956,0.00390625,0.00017222731588727503,0.0002624572682624691,3163.126,,,,HH,4096,D,2.2033627000637352,KLM,projected,strong_error
0.6508998942527905,0.001953125,0.0001720593904216178,0.0002631401458929868,3931.073,,,,HH,4096,D,2.3650779998861253,KLM,projected,strong_error
nan,0.0625,0.02164009672708875,0.04614014870253807,16.0,,,,HH,4096,E,0.006989399902522564,FTE,fixed,strong_error
nan,0.03125,0.01829518061571295,0.04006992411667728,32.0,,,,HH,4096,E,0.008129699854180217,FTE,fixed,strong_error
nan,0.015625,0.01718991429095215,0.038440526702709206,64.0,,,,HH,4096,E,0.008060700027272105,FTE,fixed,strong_error
nan,0.0078125,0.014083400755730044,0.030857984694737585,128.0,,,,HH,4096,E,0.013158800080418587,FTE,fixed,strong_error
nan,0.00390625,0.01238968316661697,0.027569150821822968,256.0,,,,HH,4096,E,0.020159299951046705,FTE,fixed,strong_error
nan,0.001953125,0.011003787373345402,0.02497355655745546,512.0,,,,HH,4096,E,0.04451799998059869,FTE,fixed,strong_error
nan,0.0625,0.0207733395998589,0.030293204785476282,16.0,0.45734375,0.43046875,0.1,HH,4096,E,0.00848369998857379,ProjEuler,fixed,strong_error
nan,0.03125,0.014435596216082296,0.022924529116352673,32.0,0.36946875,0.358171875,0.07071067811865477,HH,4096,E,0.007920700125396252,ProjEuler,fixed,strong_error
nan,0.015625,0.010041310702583853,0.01730448752626297,64.0,0.3034453125,0.2986328125,0.05,HH,4096,E,0.01088209985755384,ProjEuler,fixed,strong_error
nan,0.0078125,0.006937539373592565,0.01295440251393497,128.0,0.2518515625,0.2498203125,0.03535533905932738,HH,4096,E,0.013050999958068132,ProjEuler,fixed,strong_error
nan,0.00390625,0.004801897226184926,0.009877394193413913,256.0,0.213576171875,0.212703125,0.025,HH,4096,E,0.027400700142607093,ProjEuler,fixed,strong_error
nan,0.001953125,0.003059823991175667,0.006861497957089172,512.0,0.1833681640625,0.182978515625,0.01767766952966369,HH,4096,E,0.04706709994934499,ProjEuler,fixed,strong_error
0.4582268370607029,0.0625,0.015549103673319424,0.0334075406664275,50.08,,,,HH,4096,E,0.12060569995082915,KL,adaptive-soft-zero,strong_error
0.44558577528846516,0.03125,0.014223328521203954,0.03146819944212164,93.5555,,,,HH,4096,E,0.1852367001120001,KL,adaptive-soft-zero,strong_error
0.43111846758743533,0.015625,0.012711505594450776,0.028757749870302822,174.6005,,,,HH,4096,E,0.21264819987118244,KL,adaptive-soft-zero,strong_error
0.4142390320845153,0.0078125,0.011185945971117958,0.025736935773077424,327.136,,,,HH,4096,E,0.36811390006914735,KL,adaptive-soft-zero,strong_error
0.3997363876730005,0.00390625,0.010056784787233625,0.02366683775055486,632.368,,,,HH,4096,E,0.6529518999159336,KL,adaptive-soft-zero,strong_error
0.3750858008473573,0.001953125,0.009223873740464185,0.02114490304354763,1182.972,,,,HH,4096,E,1.0492599999997765,KL,adaptive-soft-zero,strong_error
0.4784813330417325,0.0625,0.002445511475180794,0.005703615544368652,406.949,,,,HH,4096,E,0.44126090011559427,KLM,projected,strong_error
0.49554660074496876,0.03125,0.0011918713299008219,0.003493864947899318,895.608,,,,HH,4096,E,0.6104990001767874,KLM,projected,strong_error
0.5067686992747641,0.015625,0.00152205522302604,0.0034301223073851133,1968.325,,,,HH,4096,E,1.575590900145471,KLM,projected,strong_error
0.577946849928985,0.0078125,0.0015671148065138122,0.0037569474223457314,2600.862,,,,HH,4096,E,2.2372689999174327,KLM,projected,strong_error
0.6402878862728241,0.00390625,0.0015726191863043675,0.0037918873622849974,3273.237,,,,HH,4096,E,2.1446724000852555,KLM,projected,strong_error
0.7362552972709957,0.001953125,0.0015766761510899686,0.003799942361174847,3847.264,,,,HH,4096,E,2.245735500007868,KLM,projected,strong_error
nan,0.0625,0.0004749409611646721,0.000603449457078591,16.0,,,,HH,16384,A,0.05211069993674755,FTE,fixed,strong_error
nan,0.03125,0.000289875436096179,0.0003668142578724374,32.0,,,,HH,16384,A,0.057736200047656894,FTE,fixed,strong_error
nan,0.015625,0.00019247281538300825,0.00024204623093389413,64.0,,,,HH,16384,A,0.03896999987773597,FTE,fixed,strong_error
nan,0.0078125,0.00013007839886890326,0.00016446507949793038,128.0,,,,HH,16384,A,0.03623729990795255,FTE,fixed,strong_error
nan,0.00390625,8.829745176918621e-05,0.00011090230044004001,256.0,,,,HH,16384,A,0.04765469999983907,FTE,fixed,strong_error
nan,0.001953125,6.167105830769363e-05,7.743493002944596e-05,512.0,,,,HH,16384,A,0.06971599999815226,FTE,fixed,strong_error
nan,0.0625,0.000325423111729676,0.00041417205881402004,16.0,0.0,0.0,0.0125,HH,16384,A,0.07376200007274747,ProjEuler,fixed,strong_error
nan,0.03125,0.00015359091061182767,0.00019831897132099259,32.0,0.0,0.0,0.008838834764831846,HH,16384,A,0.04424940003082156,ProjEuler,fixed,strong_error
nan,0.015625,7.826684023284089e-05,9.908069959662272e-05,64.0,0.0,0.0,0.00625,HH,16384,A,0.032295200042426586,ProjEuler,fixed,strong_error
nan,0.0078125,3.779174684552529e-05,4.846484895003155e-05,128.0,0.0,0.0,0.004419417382415923,HH,16384,A,0.03679560008458793,ProjEuler,fixed,strong_error
nan,0.00390625,1.9270233003380154e-05,2.451732605261282e-05,256.0,0.0,0.0,0.003125,HH,16384,A,0.04413359984755516,ProjEuler,fixed,strong_error
nan,0.001953125,9.447927089838368e-06,1.205050278430367e-05,512.0,0.0,0.0,0.0022097086912079614,HH,16384,A,0.06521539995446801,ProjEuler,fixed,strong_error
nan,0.0625,0.0010657082711250264,0.0011120894615549827,16.0,,,,HH,16384,A,0.053867700044065714,KL,uniform,strong_error
nan,0.03125,0.0005405580391267866,0.0005626845834077794,32.0,,,,HH,16384,A,0.04214420006610453,KL,uniform,strong_error
nan,0.015625,0.00027043698031792475,0.00028188736672907065,64.0,,,,HH,16384,A,0.03622790006920695,KL,uniform,strong_error
nan,0.0078125,0.00013558394659981865,0.0001414978464124382,128.0,,,,HH,16384,A,0.03448950010351837,KL,uniform,strong_error
nan,0.00390625,6.729653372549262e-05,7.024425177502246e-05,256.0,,,,HH,16384,A,0.040406399872154,KL,uniform,strong_error
nan,0.001953125,3.380582838005686e-05,3.525918981175458e-05,512.0,,,,HH,16384,A,0.07745420001447201,KL,uniform,strong_error
0.0,0.0625,4.0946414764473306e-05,5.2694452528157024e-05,118.155,,,,HH,16384,A,0.591801900183782,KLM,implicit,strong_error
0.0,0.03125,2.124246384293895e-05,2.734678346722721e-05,236.688,,,,HH,16384,A,0.6319713999982923,KLM,implicit,strong_error
0.0,0.015625,1.0600924699609407e-05,1.355605339621407e-05,476.385,,,,HH,16384,A,0.7010284999851137,KLM,implicit,strong_error
0.0,0.0078125,4.995800686647289e-06,6.3699797145998966e-06,966.835,,,,HH,16384,A,0.7384411001112312,KLM,implicit,strong_error
0.0,0.00390625,2.33074913943102e-06,3.007470965419781e-06,1995.537,,,,HH,16384,A,1.027010900201276,KLM,implicit,strong_error
0.0,0.001953125,1.0095850827674797e-06,1.2952231693039988e-06,4278.0555,,,,HH,16384,A,1.7176848000381142,KLM,implicit,strong_error
nan,0.0625,0.0033072828779254567,0.0046398343201321,16.0,,,,HH,16384,C,0.05970100010745227,FTE,fixed,strong_error
nan,0.03125,0.002404769881754369,0.0033538308888852405,32.0,,,,HH,16384,C,0.04659309983253479,FTE,fixed,strong_error
nan,0.015625,0.0016219286050997296,0.0022115886273578692,64.0,,,,HH,16384,C,0.032998899929225445,FTE,fixed,strong_error
nan,0.0078125,0.0011348275626552268,0.0015576038574445009,128.0,,,,HH,16384,C,0.04410040006041527,FTE,fixed,strong_error
nan,0.00390625,0.0007868358123417792,0.0010608018004340095,256.0,,,,HH,16384,C,0.043149400036782026,FTE,fixed,strong_error
nan,0.001953125,0.0005472733947871516,0.0007413023294946183,512.0,,,,HH,16384,C,0.06513669993728399,FTE,fixed,strong_error
nan,0.0625,0.001136917067636615,0.0016657184332593106,16.0,0.0565,0.05246875,0.035355339059327376,HH,16384,C,0.059703399892896414,ProjEuler,fixed,strong_error
nan,0.03125,0.0005702528405246493,0.0008730833026114604,32.0,0.0265625,0.0255,0.025,HH,16384,C,0.05257509998045862,ProjEuler,fixed,strong_error
nan,0.015625,0.0003000732692904597,0.0004728852171321508,64.0,0.013,0.0127265625,0.017677669529663688,HH,16384,C,0.03196509997360408,ProjEuler,fixed,strong_error
nan,0.0078125,0.00015916809893806765,0.0002637596109386915,128.0,0.0064453125,0.006390625,0.0125,HH,16384,C,0.0331882000900805,ProjEuler,fixed,strong_error
nan,0.00390625,8.400729904346599e-05,0.00014140707235366795,256.0,0.003171875,0.003166015625,0.008838834764831844,HH,16384,C,0.04886370012536645,ProjEuler,fixed,strong_error
nan,0.001953125,4.465834983425827e-05,8.036298045305138e-05,512.0,0.0016005859375,0.001599609375,0.00625,HH,16384,C,0.07337630004622042,ProjEuler,fixed,strong_error
nan,0.0625,0.0011971396448979892,0.001642552575846213,16.0,,,,HH,16384,C,0.06457679998129606,KL,uniform,strong_error
nan,0.03125,0.0006170883612196198,0.000829060494023057,32.0,,,,HH,16384,C,0.04241240001283586,KL,uniform,strong_error
nan,0.015625,0.00031730600282838016,0.0004305404701851897,64.0,,,,HH,16384,C,0.028163899900391698,KL,uniform,strong_error
nan,0.0078125,0.00016126398602593292,0.0002227770745685626,128.0,,,,HH,16384,C,0.029360000044107437,KL,uniform,strong_error
nan,0.00390625,8.217872301506099e-05,0.00011557727934363094,256.0,,,,HH,16384,C,0.03442779998295009,KL,uniform,strong_error
nan,0.001953125,4.1734842226683066e-05,5.909043985302568e-05,512.0,,,,HH,16384,C,0.0708773999940604,KL,uniform,strong_error
0.05693851093264654,0.0625,9.814755299021535e-05,0.00014631413144471786,172.3965,,,,HH,16384,C,0.6277177000883967,KLM,implicit,strong_error
0.05450865025443622,0.03125,4.793123275152411e-05,7.165277150907792e-05,346.5505,,,,HH,16384,C,0.6253015000838786,KLM,implicit,strong_error
0.052503996230803505,0.015625,2.4510365113952832e-05,3.7025710032292366e-05,702.537,,,,HH,16384,C,1.1650015998166054,KLM,implicit,strong_error
0.05016770895790552,0.0078125,1.155306004976717e-05,1.6841144611569854e-05,1448.4915,,,,HH,16384,C,1.5853184999432415,KLM,implicit,strong_error
0.04645346621909556,0.00390625,5.874579323429979e-06,9.002711700587125e-06,3103.4175,,,,HH,16384,C,3.1760928998701274,KLM,implicit,strong_error
0.09131871788946828,0.001953125,3.2629870643734623e-06,5.941613032832387e-06,6242.5975,,,,HH,16384,C,4.429427100112662,KLM,implicit,strong_error
nan,0.0625,0.009795688250035583,0.016911102853008828,16.0,,,,HH,16384,D,0.05320989992469549,FTE,fixed,strong_error
nan,0.03125,0.008186855189600292,0.013893344443664801,32.0,,,,HH,16384,D,0.04454320017248392,FTE,fixed,strong_error
nan,0.015625,0.006309178316728358,0.01083407239622922,64.0,,,,HH,16384,D,0.032296399818733335,FTE,fixed,strong_error
nan,0.0078125,0.005070290728999014,0.009030598416552703,128.0,,,,HH,16384,D,0.036690999986603856,FTE,fixed,strong_error
nan,0.00390625,0.003948874049702232,0.006908516669546706,256.0,,,,HH,16384,D,0.043886200059205294,FTE,fixed,strong_error
nan,0.001953125,0.003105436275422451,0.0056709301941059685,512.0,,,,HH,16384,D,0.07201140001416206,FTE,fixed,strong_error
nan,0.0625,0.006470002212597158,0.008920131467390804,16.0,0.29603125,0.27778125,0.0625,HH,16384,D,0.06487410003319383,ProjEuler,fixed,strong_error
nan,0.03125,0.004286990552982008,0.006205752711236171,32.0,0.214796875,0.207984375,0.04419417382415922,HH,16384,D,0.04647530009970069,ProjEuler,fixed,strong_error
nan,0.015625,0.002958868023176781,0.004516993027364696,64.0,0.1607421875,0.1578984375,0.03125,HH,16384,D,0.03613230003975332,ProjEuler,fixed,strong_error
nan,0.0078125,0.002172176369489353,0.0034597904165232065,128.0,0.1224921875,0.12136328125,0.02209708691207961,HH,16384,D,0.03561010002158582,ProjEuler,fixed,strong_error
nan,0.00390625,0.0015291639329092304,0.0024725129799331915,256.0,0.093646484375,0.093248046875,0.015625,HH,16384,D,0.048534000059589744,ProjEuler,fixed,strong_error
nan,0.001953125,0.0010810427192106248,0.001828502830752712,512.0,0.0727705078125,0.072607421875,0.011048543456039806,HH,16384,D,0.09010110003873706,ProjEuler,fixed,strong_error
0.279349762135594,0.0625,0.005943172285749535,0.010476140582217975,22.1765,,,,HH,16384,D,0.4150270000100136,KL,adaptive-soft-zero,strong_error
0.23489973423532254,0.03125,0.0045984216292122996,0.00824666572830757,41.39,,,,HH,16384,D,0.47707839985378087,KL,adaptive-soft-zero,strong_error
0.19620087975606185,0.015625,0.0034185185655078243,0.006280294584383833,78.5445,,,,HH,16384,D,0.5368485001381487,KL,adaptive-soft-zero,strong_error
0.16062931951089846,0.0078125,0.0026921198261418847,0.004855639791322256,150.48,,,,HH,16384,D,0.5930946001317352,KL,adaptive-soft-zero,strong_error
0.13437560997325534,0.00390625,0.0020643426812510563,0.0037161000035564034,292.021,,,,HH,16384,D,0.6154679001774639,KL,adaptive-soft-zero,strong_error
0.10939091697617259,0.001953125,0.001705882171953287,0.0032033548852859863,568.379,,,,HH,16384,D,0.6676711000036448,KL,adaptive-soft-zero,strong_error
0.3558812440643508,0.0625,0.000778430140215786,0.0013215448092887632,314.3085,,,,HH,16384,D,0.7386068000923842,KLM,projected,strong_error
0.37639572540850125,0.03125,0.0005105419659881678,0.0008794415756454553,650.916,,,,HH,16384,D,1.277781300013885,KLM,projected,strong_error
0.39000718653872624,0.015625,0.0003223458198374162,0.0005683340661813311,1347.6585,,,,HH,16384,D,1.9794481999706477,KLM,projected,strong_error
0.3916386077971075,0.0078125,0.00018465924501000533,0.0003836849177898038,2815.9545,,,,HH,16384,D,3.5392312000039965,KLM,projected,strong_error
0.3774254930889793,0.00390625,0.0001103235390095323,0.00018976100495035332,6035.3965,,,,HH,16384,D,5.675676099956036,KLM,projected,strong_error
0.4222574231778146,0.001953125,0.00011052302160904726,0.00019414433262335084,8909.796,,,,HH,16384,D,5.199599799932912,KLM,projected,strong_error
nan,0.0625,0.02052167649241191,0.04481223317229221,16.0,,,,HH,16384,E,0.056699100183323026,FTE,fixed,strong_error
nan,0.03125,0.01802223375369163,0.038695943319514085,32.0,,,,HH,16384,E,0.04696240019984543,FTE,fixed,strong_error
nan,0.015625,0.015847229405079325,0.03520917694008013,64.0,,,,HH,16384,E,0.039398299995809793,FTE,fixed,strong_error
nan,0.0078125,0.014044304130119912,0.034330778814891834,128.0,,,,HH,16384,E,0.031549999956041574,FTE,fixed,strong_error
nan,0.00390625,0.012057536856071754,0.02797281250839513,256.0,,,,HH,16384,E,0.04571780003607273,FTE,fixed,strong_error
nan,0.001953125,0.010555712628164848,0.025213882359543232,512.0,,,,HH,16384,E,0.06319839996285737,FTE,fixed,strong_error
nan,0.0625,0.021731136467472732,0.03167816498889164,16.0,0.45175,0.42584375,0.1,HH,16384,E,0.05407100007869303,ProjEuler,fixed,strong_error
nan,0.03125,0.015186305163180503,0.024565307526283577,32.0,0.36253125,0.35203125,0.07071067811865477,HH,16384,E,0.04475470003671944,ProjEuler,fixed,strong_error
nan,0.015625,0.010923872660753741,0.01928694963101431,64.0,0.2980546875,0.2935234375,0.05,HH,16384,E,0.044904800131917,ProjEuler,fixed,strong_error
nan,0.0078125,0.008330789662220124,0.015872485156149432,128.0,0.24885546875,0.24698046875,0.03535533905932738,HH,16384,E,0.057742000091820955,ProjEuler,fixed,strong_error
nan,0.00390625,0.0060974614174506775,0.012626732355817587,256.0,0.21137890625,0.2105703125,0.025,HH,16384,E,0.07408949988894165,ProjEuler,fixed,strong_error
nan,0.001953125,0.004332671999521019,0.009732235920102365,512.0,0.180646484375,0.1802861328125,0.01767766952966369,HH,16384,E,0.10083740018308163,ProjEuler,fixed,strong_error
0.4567497053520162,0.0625,0.01520272629065156,0.032146937515543796,49.6355,,,,HH,16384,E,0.55961519991979,KL,adaptive-soft-zero,strong_error
0.4468241138244457,0.03125,0.013331267283816355,0.02982048420538255,93.407,,,,HH,16384,E,0.5310885000508279,KL,adaptive-soft-zero,strong_error
0.4311684950611781,0.015625,0.011572607691390811,0.025704546409649323,173.8775,,,,HH,16384,E,0.636556199984625,KL,adaptive-soft-zero,strong_error
0.4129048582215166,0.0078125,0.010737866879100335,0.025612121907331014,324.0795,,,,HH,16384,E,0.7778181999456137,KL,adaptive-soft-zero,strong_error
0.3980099908181022,0.00390625,0.009324666786251034,0.022361516713636266,613.163,,,,HH,16384,E,0.9939008001238108,KL,adaptive-soft-zero,strong_error
0.3816263506715126,0.001953125,0.008899678313900938,0.022658082909260316,1162.3385,,,,HH,16384,E,1.3247638999018818,KL,adaptive-soft-zero,strong_error
0.4809355647679001,0.0625,0.0031215444056245413,0.00782442881060069,390.78,,,,HH,16384,E,0.6866348998155445,KLM,projected,strong_error
0.5082554276901174,0.03125,0.002047893485655795,0.004878991781936362,842.9,,,,HH,16384,E,0.9380505001172423,KLM,projected,strong_error
0.5403437714438736,0.015625,0.0014091265696975414,0.0035044809084591724,1792.47,,,,HH,16384,E,1.61329249991104,KLM,projected,strong_error
0.5612502087053662,0.0078125,0.0008091592338925592,0.0030932633811838295,3815.187,,,,HH,16384,E,2.3831367001403123,KLM,projected,strong_error
0.5607164128909854,0.00390625,0.0011093500070647711,0.0030214842867347822,8194.967,,,,HH,16384,E,7.38481459999457,KLM,projected,strong_error
0.6074975837258072,0.001953125,0.0011223689233403262,0.003070751090706688,10523.9505,,,,HH,16384,E,8.376214599935338,KLM,projected,strong_error
nan,0.0625,0.0004814649775836171,0.0006034635798188795,16.0,,,,HH,32768,A,0.20096970000304282,FTE,fixed,strong_error
nan,0.03125,0.00029962795518917175,0.0003762245245587381,32.0,,,,HH,32768,A,0.13370839995332062,FTE,fixed,strong_error
nan,0.015625,0.0001970076342402688,0.00024963998389152935,64.0,,,,HH,32768,A,0.1097008001524955,FTE,fixed,strong_error
nan,0.0078125,0.0001327546759767406,0.00016777839548058577,128.0,,,,HH,32768,A,0.072421699995175,FTE,fixed,strong_error
nan,0.00390625,8.954867474311372e-05,0.00011342432022663268,256.0,,,,HH,32768,A,0.0753893000073731,FTE,fixed,strong_error
nan,0.001953125,6.26564792350576e-05,7.877451983066555e-05,512.0,,,,HH,32768,A,0.11987109994515777,FTE,fixed,strong_error
nan,0.0625,0.0003229486867285551,0.00041406866459315185,16.0,0.0,0.0,0.0125,HH,32768,A,0.13474380015395582,ProjEuler,fixed,strong_error
nan,0.03125,0.00016030549823616109,0.00020381874460755688,32.0,0.0,0.0,0.008838834764831846,HH,32768,A,0.11805120017379522,ProjEuler,fixed,strong_error
nan,0.015625,7.827562913257796e-05,9.897764035782776e-05,64.0,0.0,0.0,0.00625,HH,32768,A,0.0930230999365449,ProjEuler,fixed,strong_error
nan,0.0078125,3.886285437871758e-05,4.9344592937349726e-05,128.0,0.0,0.0,0.004419417382415923,HH,32768,A,0.07122289994731545,ProjEuler,fixed,strong_error
nan,0.00390625,1.9206014487446438e-05,2.465194435929798e-05,256.0,0.0,0.0,0.003125,HH,32768,A,0.07284909998998046,ProjEuler,fixed,strong_error
nan,0.001953125,9.66667675933735e-06,1.2286535711882131e-05,512.0,0.0,0.0,0.0022097086912079614,HH,32768,A,0.09111979999579489,ProjEuler,fixed,strong_error
nan,0.0625,0.0010640225267988016,0.001109326202884973,16.0,,,,HH,32768,A,0.1316460999660194,KL,uniform,strong_error
nan,0.03125,0.0005394914340211598,0.0005622443601383725,32.0,,,,HH,32768,A,0.1148953998927027,KL,uniform,strong_error
nan,0.015625,0.00027165597121390096,0.00028264671067685076,64.0,,,,HH,32768,A,0.08316230005584657,KL,uniform,strong_error
nan,0.0078125,0.00013578582709782304,0.00014124146066271182,128.0,,,,HH,32768,A,0.06361820013262331,KL,uniform,strong_error
nan,0.00390625,6.811706244544141e-05,7.089786505467241e-05,256.0,,,,HH,32768,A,0.06456079985946417,KL,uniform,strong_error
nan,0.001953125,3.382778811751671e-05,3.52731134505753e-05,512.0,,,,HH,32768,A,0.08332419977523386,KL,uniform,strong_error
0.0,0.0625,4.300948107681622e-05,5.53276358384618e-05,117.8905,,,,HH,32768,A,0.8462112999986857,KLM,implicit,strong_error
0.0,0.03125,2.0891572754797553e-05,2.7292012923089274e-05,235.7315,,,,HH,32768,A,0.8026624999474734,KLM,implicit,strong_error
0.0,0.015625,1.0508323964603023e-05,1.3555472743264617e-05,472.704,,,,HH,32768,A,1.4392343999352306,KLM,implicit,strong_error
0.0,0.0078125,5.217982002046657e-06,6.81573998970514e-06,951.9365,,,,HH,32768,A,1.8573471000418067,KLM,implicit,strong_error
0.0,0.00390625,2.5202648239956527e-06,3.2537226720925544e-06,1932.556,,,,HH,32768,A,2.407728800084442,KLM,implicit,strong_error
0.0,0.001953125,1.1716956982541385e-06,1.5163083958221828e-06,3989.1015,,,,HH,32768,A,2.6941152999643236,KLM,implicit,strong_error
nan,0.0625,0.003386755343139399,0.004706019457375578,16.0,,,,HH,32768,C,0.1464008002076298,FTE,fixed,strong_error
nan,0.03125,0.0023252670425684607,0.0032173559449378553,32.0,,,,HH,32768,C,0.11887740017846227,FTE,fixed,strong_error
nan,0.015625,0.0016996632088296538,0.0023446437964367408,64.0,,,,HH,32768,C,0.07897450006566942,FTE,fixed,strong_error
nan,0.0078125,0.0011586820500828453,0.001615584133068719,128.0,,,,HH,32768,C,0.07287100004032254,FTE,fixed,strong_error
nan,0.00390625,0.000790592393714388,0.0010728608588922435,256.0,,,,HH,32768,C,0.0754842001479119,FTE,fixed,strong_error
nan,0.001953125,0.0005580965687538962,0.0007702187602701048,512.0,,,,HH,32768,C,0.1138243000023067,FTE,fixed,strong_error
nan,0.0625,0.001124146643683708,0.0016948272845945893,16.0,0.05484375,0.051,0.035355339059327376,HH,32768,C,0.11352530005387962,ProjEuler,fixed,strong_error
nan,0.03125,0.0005895583834474684,0.0009074976448179116,32.0,0.025984375,0.025015625,0.025,HH,32768,C,0.10146530019119382,ProjEuler,fixed,strong_error
nan,0.015625,0.0003081405526550302,0.00048647469534359995,64.0,0.013046875,0.0128125,0.017677669529663688,HH,32768,C,0.08711909991689026,ProjEuler,fixed,strong_error
nan,0.0078125,0.00015890475889618528,0.00025638406605835363,128.0,0.00655859375,0.0065078125,0.0125,HH,32768,C,0.06160370004363358,ProjEuler,fixed,strong_error
nan,0.00390625,8.544846767821127e-05,0.0001467682511647881,256.0,0.00324609375,0.00323828125,0.008838834764831844,HH,32768,C,0.08269060007296503,ProjEuler,fixed,strong_error
nan,0.001953125,4.5462429082283294e-05,8.088823963380962e-05,512.0,0.0016181640625,0.0016162109375,0.00625,HH,32768,C,0.11372220003977418,ProjEuler,fixed,strong_error
nan,0.0625,0.0011933375093898856,0.0016257467825098505,16.0,,,,HH,32768,C,0.11393400002270937,KL,uniform,strong_error
nan,0.03125,0.0006225199404797989,0.0008411750104664215,32.0,,,,HH,32768,C,0.10077979997731745,KL,uniform,strong_error
nan,0.015625,0.0003159390028214807,0.0004230067680363356,64.0,,,,HH,32768,C,0.07984909997321665,KL,uniform,strong_error
nan,0.0078125,0.00016419931277330312,0.00022976860864992895,128.0,,,,HH,32768,C,0.06547380005940795,KL,uniform,strong_error
nan,0.00390625,8.465326579709483e-05,0.00012227241659420275,256.0,,,,HH,32768,C,0.06209679995663464,KL,uniform,strong_error
nan,0.001953125,4.33247504373728e-05,6.487904067223015e-05,512.0,,,,HH,32768,C,0.09094689995981753,KL,uniform,strong_error
0.05755362143167256,0.0625,9.947279546809139e-05,0.00015236958860585515,171.5965,,,,HH,32768,C,0.9591888000722975,KLM,implicit,strong_error
0.05512911908052666,0.03125,4.9860189106783015e-05,7.463259962662774e-05,343.675,,,,HH,32768,C,1.2484937000554055,KLM,implicit,strong_error
0.05363244495408201,0.015625,2.440941907062945e-05,3.619979007644078e-05,691.559,,,,HH,32768,C,1.5146355999168009,KLM,implicit,strong_error
0.05222712080562509,0.0078125,1.2282058413000865e-05,1.8927296489374583e-05,1402.7865,,,,HH,32768,C,2.4362425999715924,KLM,implicit,strong_error
0.0501747240442027,0.00390625,6.235636370986598e-06,1.0048631505051061e-05,2892.9905,,,,HH,32768,C,4.515629100147635,KLM,implicit,strong_error
0.046648718111038844,0.001953125,3.0721827290737227e-06,5.0713274019834085e-06,6200.1275,,,,HH,32768,C,4.980897899949923,KLM,implicit,strong_error
nan,0.0625,0.010224634097889632,0.017614665953276192,16.0,,,,HH,32768,D,0.13573409989476204,FTE,fixed,strong_error
nan,0.03125,0.008005749171787209,0.013444874593575075,32.0,,,,HH,32768,D,0.1407467001117766,FTE,fixed,strong_error
nan,0.015625,0.006420751214851204,0.011181677131330189,64.0,,,,HH,32768,D,0.11791400006040931,FTE,fixed,strong_error
nan,0.0078125,0.005134996824825167,0.009091350043047031,128.0,,,,HH,32768,D,0.10673489980399609,FTE,fixed,strong_error
nan,0.00390625,0.003988341545772829,0.00699069687621372,256.0,,,,HH,32768,D,0.1131972000002861,FTE,fixed,strong_error
nan,0.001953125,0.0029850306737083596,0.0053174698102545605,512.0,,,,HH,32768,D,0.13804170000366867,FTE,fixed,strong_error
nan,0.0625,0.006506968833832182,0.008987200592724709,16.0,0.2959375,0.2773125,0.0625,HH,32768,D,0.2035817001014948,ProjEuler,fixed,strong_error
nan,0.03125,0.004331931553940531,0.006253980357685144,32.0,0.21440625,0.207328125,0.04419417382415922,HH,32768,D,0.13490590010769665,ProjEuler,fixed,strong_error
nan,0.015625,0.0030657239600784393,0.004585548662409021,64.0,0.159890625,0.157140625,0.03125,HH,32768,D,0.11244209995493293,ProjEuler,fixed,strong_error
nan,0.0078125,0.0021399696403361502,0.0033418210988794455,128.0,0.1211171875,0.1200234375,0.02209708691207961,HH,32768,D,0.08204459981061518,ProjEuler,fixed,strong_error
nan,0.00390625,0.0015708879530445146,0.002573796515274138,256.0,0.093615234375,0.093203125,0.015625,HH,32768,D,0.09004929987713695,ProjEuler,fixed,strong_error
nan,0.001953125,0.0011451271023506808,0.0019254438065079951,512.0,0.072625,0.07246875,0.011048543456039806,HH,32768,D,0.17932490003295243,ProjEuler,fixed,strong_error
0.28075702680198933,0.0625,0.005795615872725268,0.009909535701978556,22.2185,,,,HH,32768,D,2.4309283001348376,KL,adaptive-soft-zero,strong_error
0.23649830512563785,0.03125,0.004275485507621557,0.007436861977716256,41.4485,,,,HH,32768,D,1.0438413999509066,KL,adaptive-soft-zero,strong_error
0.1960107720613982,0.015625,0.003534448146180517,0.006662282195487643,78.5365,,,,HH,32768,D,0.9342419998720288,KL,adaptive-soft-zero,strong_error
0.1638922548221132,0.0078125,0.0028336728403630593,0.00500724028082043,151.023,,,,HH,32768,D,0.9011562999803573,KL,adaptive-soft-zero,strong_error
0.1340705805822085,0.00390625,0.0021293960558762155,0.003958339095856767,292.0775,,,,HH,32768,D,0.9644479998387396,KL,adaptive-soft-zero,strong_error
0.10875968712701647,0.001953125,0.0016421423773611314,0.0031284219751511236,568.4735,,,,HH,32768,D,1.5084400000050664,KL,adaptive-soft-zero,strong_error
0.3556881128931839,0.0625,0.0008440839850281061,0.001465294470018572,312.4015,,,,HH,32768,D,1.4424894000403583,KLM,projected,strong_error
0.3767769385277837,0.03125,0.000579180405122693,0.0010501062662651114,644.226,,,,HH,32768,D,1.683669599937275,KLM,projected,strong_error
0.3937067147311932,0.015625,0.0003864557287677345,0.0007165577441382438,1323.776,,,,HH,32768,D,6.816086399834603,KLM,projected,strong_error
0.4015079130755346,0.0078125,0.0002513954348675509,0.0004660201322413885,2724.8255,,,,HH,32768,D,6.117769399890676,KLM,projected,strong_error
0.3987133253155141,0.00390625,0.00013863926863275994,0.00031149309185775765,5666.545,,,,HH,32768,D,9.730678800027817,KLM,projected,strong_error
0.3820644202165249,0.001953125,8.531453651019887e-05,0.00015655644514150414,12120.5895,,,,HH,32768,D,9.721342999953777,KLM,projected,strong_error
nan,0.0625,0.020094748445418583,0.04540658646259431,16.0,,,,HH,32768,E,0.21239169989712536,FTE,fixed,strong_error
nan,0.03125,0.017520590948717104,0.03725137611983301,32.0,,,,HH,32768,E,0.15192679991014302,FTE,fixed,strong_error
nan,0.015625,0.016594489004230033,0.03807558594412991,64.0,,,,HH,32768,E,0.12423049984499812,FTE,fixed,strong_error
nan,0.0078125,0.013284390305243234,0.029334534599697072,128.0,,,,HH,32768,E,0.09058280009776354,FTE,fixed,strong_error
nan,0.00390625,0.012224771054195567,0.029148468115125954,256.0,,,,HH,32768,E,0.08484150003641844,FTE,fixed,strong_error
nan,0.001953125,0.010831875586122933,0.02816595429469844,512.0,,,,HH,32768,E,0.1253878001589328,FTE,fixed,strong_error
nan,0.0625,0.022796753052682407,0.034036369149777805,16.0,0.45225,0.42615625,0.1,HH,32768,E,0.1378876999951899,ProjEuler,fixed,strong_error
nan,0.03125,0.016023866245280027,0.025916841277369016,32.0,0.365,0.354046875,0.07071067811865477,HH,32768,E,0.11896519991569221,ProjEuler,fixed,strong_error
nan,0.015625,0.011710059172071798,0.020191709988909033,64.0,0.29834375,0.2938515625,0.05,HH,32768,E,0.11608509998768568,ProjEuler,fixed,strong_error
nan,0.0078125,0.008773178347644692,0.016802656869582152,128.0,0.249296875,0.24733984375,0.03535533905932738,HH,32768,E,0.09861460002139211,ProjEuler,fixed,strong_error
nan,0.00390625,0.006812872394734755,0.014005938801017508,256.0,0.211765625,0.210935546875,0.025,HH,32768,E,0.10318280011415482,ProjEuler,fixed,strong_error
nan,0.001953125,0.00506775899249155,0.011209376674130056,512.0,0.1811884765625,0.1808232421875,0.01767766952966369,HH,32768,E,0.14688530005514622,ProjEuler,fixed,strong_error
0.45722208873938813,0.0625,0.015729328811423204,0.034411138047490145,49.944,,,,HH,32768,E,1.0822128998115659,KL,adaptive-soft-zero,strong_error
0.44673515565516725,0.03125,0.013574207990124845,0.03166265695989627,93.251,,,,HH,32768,E,1.2474068999290466,KL,adaptive-soft-zero,strong_error
0.43404842518564885,0.015625,0.011764313305161088,0.02725858505508589,175.735,,,,HH,32768,E,1.4606174998916686,KL,adaptive-soft-zero,strong_error
0.417645867561588,0.0078125,0.010908089104075643,0.02625174655025397,328.3715,,,,HH,32768,E,1.785201100166887,KL,adaptive-soft-zero,strong_error
0.4021991564725009,0.00390625,0.009396664235789567,0.023705027765644777,621.5565,,,,HH,32768,E,3.9613204000052065,KL,adaptive-soft-zero,strong_error
0.3852094997387252,0.001953125,0.009169911883492027,0.024766376572441882,1172.1375,,,,HH,32768,E,2.7697691000066698,KL,adaptive-soft-zero,strong_error
0.48009440296021444,0.0625,0.003980331018060466,0.009492477181926069,390.242,,,,HH,32768,E,1.1920323001686484,KLM,projected,strong_error
0.5096444777255725,0.03125,0.0025882936605351723,0.006458605140142331,839.3145,,,,HH,32768,E,1.3582407000940293,KLM,projected,strong_error
0.5446012453374385,0.015625,0.0016245893039058522,0.004004530544485181,1777.5905,,,,HH,32768,E,2.050323799951002,KLM,projected,strong_error
0.5724673559964083,0.0078125,0.0010156509205731168,0.002673379110328165,3741.4605,,,,HH,32768,E,3.690701900050044,KLM,projected,strong_error
0.5849741809784669,0.00390625,0.000676366994888704,0.002992852779239959,7891.856,,,,HH,32768,E,7.704496800201014,KLM,projected,strong_error
0.5796992440782287,0.001953125,0.0009369246296474032,0.0025116938604866886,16834.2155,,,,HH,32768,E,16.698078999994323,KLM,projected,strong_error
