sensitivity_kind,kappa,a,sigma,level,hmax,reference_power,reference_step,number_of_fine_steps,n_paths,rmse,backstop_fraction,mean_steps_per_path,runtime_s
klm_fig3_jax,2.0,0.0,0.0,4,0.0625,14,6.103515625e-05,16384,256,0.00011613330782047489,0.0,85.0,0.7847664320000831
klm_fig3_jax,2.0,0.0,0.0,5,0.03125,14,6.103515625e-05,16384,256,5.815290767384462e-05,0.0,171.0,0.3921359429999711
klm_fig3_jax,2.0,0.0,0.0,6,0.015625,14,6.103515625e-05,16384,256,2.9231616147824827e-05,0.0,342.0,0.40115993300003083
klm_fig3_jax,2.0,0.0,0.0,7,0.0078125,14,6.103515625e-05,16384,256,1.476771371762553e-05,0.0,691.0,0.42355849300008686
klm_fig3_jax,2.0,0.0,0.0,8,0.00390625,14,6.103515625e-05,16384,256,7.534800801352326e-06,0.0,1412.0,0.4433044009999776
klm_fig3_jax,2.0,0.0,0.0,9,0.001953125,14,6.103515625e-05,16384,256,3.882484823601595e-06,0.0,2988.0,0.4907570880000094
klm_fig3_jax,2.0,0.04,0.08944271909999159,4,0.0625,14,6.103515625e-05,16384,256,0.00017534876807811216,0.0,86.31640625,0.39629597900000135
klm_fig3_jax,2.0,0.04,0.08944271909999159,5,0.03125,14,6.103515625e-05,16384,256,9.292535520053485e-05,0.0,172.48828125,0.39019057500001963
klm_fig3_jax,2.0,0.04,0.08944271909999159,6,0.015625,14,6.103515625e-05,16384,256,4.503912956829412e-05,0.0,346.2734375,0.4042697469999439
klm_fig3_jax,2.0,0.04,0.08944271909999159,7,0.0078125,14,6.103515625e-05,16384,256,2.2687644699232515e-05,0.0,699.4921875,0.4257314490000681
klm_fig3_jax,2.0,0.04,0.08944271909999159,8,0.00390625,14,6.103515625e-05,16384,256,1.1536060775902107e-05,0.0,1429.91015625,0.4577248770000324
klm_fig3_jax,2.0,0.04,0.08944271909999159,9,0.001953125,14,6.103515625e-05,16384,256,5.930151605855954e-06,0.0,3005.69921875,0.5229616889999988
klm_fig3_jax,2.0,0.26285714285714284,0.22928460168844433,4,0.0625,14,6.103515625e-05,16384,256,0.0003581872921558928,0.0,93.1953125,0.40757184100004906
klm_fig3_jax,2.0,0.26285714285714284,0.22928460168844433,5,0.03125,14,6.103515625e-05,16384,256,0.00018298975913384703,0.0,186.35546875,0.4059787319999941
klm_fig3_jax,2.0,0.26285714285714284,0.22928460168844433,6,0.015625,14,6.103515625e-05,16384,256,9.3504097156734e-05,0.0,374.4921875,0.41560594500003845
klm_fig3_jax,2.0,0.26285714285714284,0.22928460168844433,7,0.0078125,14,6.103515625e-05,16384,256,4.584498303183649e-05,0.0,757.765625,0.44212810200008335
klm_fig3_jax,2.0,0.26285714285714284,0.22928460168844433,8,0.00390625,14,6.103515625e-05,16384,256,2.34264883257267e-05,0.0,1555.06640625,0.4975624300000163
klm_fig3_jax,2.0,0.26285714285714284,0.22928460168844433,9,0.001953125,14,6.103515625e-05,16384,256,1.0885844502830227e-05,2.847478379927176e-05,3292.38671875,0.6193854279999869
klm_fig3_jax,2.0,0.4857142857142857,0.31167748898959186,4,0.0625,14,6.103515625e-05,16384,256,0.0004902566098869897,0.0009528165256498209,102.4921875,0.4052582239999083
klm_fig3_jax,2.0,0.4857142857142857,0.31167748898959186,5,0.03125,14,6.103515625e-05,16384,256,0.00020127592671930275,0.0008952551477170994,205.07421875,0.44275083200000154
klm_fig3_jax,2.0,0.4857142857142857,0.31167748898959186,6,0.015625,14,6.103515625e-05,16384,256,0.00012229462588546718,0.0008516759089274562,412.7890625,0.4272190460000047
klm_fig3_jax,2.0,0.4857142857142857,0.31167748898959186,7,0.0078125,14,6.103515625e-05,16384,256,5.89453136296383e-05,0.0008065268065268065,837.890625,0.46802879799997754
klm_fig3_jax,2.0,0.4857142857142857,0.31167748898959186,8,0.00390625,14,6.103515625e-05,16384,256,2.9504420800736132e-05,0.000773346380265463,1732.52734375,0.544715879000023
klm_fig3_jax,2.0,0.4857142857142857,0.31167748898959186,9,0.001953125,14,6.103515625e-05,16384,256,1.6451120371791926e-05,0.0035686017703207957,3716.22265625,0.7236781580000979
klm_fig3_jax,2.0,0.7085714285714286,0.37644957924572814,4,0.0625,14,6.103515625e-05,16384,256,0.0005416297937047528,0.009760244856316953,114.86328125,0.4052076199999419
klm_fig3_jax,2.0,0.7085714285714286,0.37644957924572814,5,0.03125,14,6.103515625e-05,16384,256,0.00025837483767164826,0.008638099278744166,230.17578125,0.6057331750000685
klm_fig3_jax,2.0,0.7085714285714286,0.37644957924572814,6,0.015625,14,6.103515625e-05,16384,256,0.0001512368499703344,0.008176724935646147,464.3515625,0.4371692690000373
klm_fig3_jax,2.0,0.7085714285714286,0.37644957924572814,7,0.0078125,14,6.103515625e-05,16384,256,7.651614006983472e-05,0.0076081219278857255,947.28125,0.4895359810000173
klm_fig3_jax,2.0,0.7085714285714286,0.37644957924572814,8,0.00390625,14,6.103515625e-05,16384,256,3.271514900355161e-05,0.007180242808430334,1982.98046875,0.5994802449999952
klm_fig3_jax,2.0,0.7085714285714286,0.37644957924572814,9,0.001953125,14,6.103515625e-05,16384,256,1.7766471042904673e-05,0.024796690553358508,4203.875,0.7912662249999585
klm_fig3_jax,2.0,0.9314285714285715,0.4316082880178673,4,0.0625,14,6.103515625e-05,16384,256,0.000577498049039716,0.03912691512007915,130.28515625,0.41717869800004337
klm_fig3_jax,2.0,0.9314285714285715,0.4316082880178673,5,0.03125,14,6.103515625e-05,16384,256,0.0002717607653846691,0.03587021531100478,261.25,0.42267098599995734
klm_fig3_jax,2.0,0.9314285714285715,0.4316082880178673,6,0.015625,14,6.103515625e-05,16384,256,0.0001398366241434231,0.03417153087570559,528.01171875,0.44888909599990257
klm_fig3_jax,2.0,0.9314285714285715,0.4316082880178673,7,0.0078125,14,6.103515625e-05,16384,256,8.456557954235917e-05,0.03222300064279885,1081.6953125,0.5024227719999317
klm_fig3_jax,2.0,0.9314285714285715,0.4316082880178673,8,0.00390625,14,6.103515625e-05,16384,256,3.61135128266824e-05,0.029961599091782615,2284.6953125,0.631834220000087
klm_fig3_jax,2.0,0.9314285714285715,0.4316082880178673,9,0.001953125,14,6.103515625e-05,16384,256,1.8678345211277962e-05,0.05861976753070302,4703.578125,0.8109038420000161
klm_fig3_jax,2.0,1.1542857142857144,0.4804759545046379,4,0.0625,14,6.103515625e-05,16384,256,0.0006578398526696649,0.08251825683477894,148.16796875,0.4210621980000724
klm_fig3_jax,2.0,1.1542857142857144,0.4804759545046379,5,0.03125,14,6.103515625e-05,16384,256,0.00036673215547032605,0.07717172778996886,297.27734375,0.45476089900000716
klm_fig3_jax,2.0,1.1542857142857144,0.4804759545046379,6,0.015625,14,6.103515625e-05,16384,256,0.00013137919148354011,0.07331444980055352,601.2734375,0.4548037000000704
klm_fig3_jax,2.0,1.1542857142857144,0.4804759545046379,7,0.0078125,14,6.103515625e-05,16384,256,9.362947464767343e-05,0.06934398867027465,1235.6875,0.5204326250000122
klm_fig3_jax,2.0,1.1542857142857144,0.4804759545046379,8,0.00390625,14,6.103515625e-05,16384,256,3.871775877016106e-05,0.06396717622294992,2631.4765625,0.6690515440000127
klm_fig3_jax,2.0,1.1542857142857144,0.4804759545046379,9,0.001953125,14,6.103515625e-05,16384,256,2.1062257158043984e-05,0.10373644276167922,5179.140625,0.8310079960000394
klm_fig3_jax,2.0,1.3771428571428572,0.5248128918277175,4,0.0625,14,6.103515625e-05,16384,256,0.0008709515681115401,0.13682181345224823,168.1875,0.41334428000004664
klm_fig3_jax,2.0,1.3771428571428572,0.5248128918277175,5,0.03125,14,6.103515625e-05,16384,256,0.0004520590760415522,0.12818194463764085,336.984375,0.43482962699999916
klm_fig3_jax,2.0,1.3771428571428572,0.5248128918277175,6,0.015625,14,6.103515625e-05,16384,256,0.000175290459467119,0.12192426402799013,682.16015625,0.47395833899997797
klm_fig3_jax,2.0,1.3771428571428572,0.5248128918277175,7,0.0078125,14,6.103515625e-05,16384,256,0.00010235865523746223,0.11545460616381181,1403.859375,0.5424310170000126
klm_fig3_jax,2.0,1.3771428571428572,0.5248128918277175,8,0.00390625,14,6.103515625e-05,16384,256,4.9203710967604115e-05,0.10599387582252916,2997.8515625,0.7106033860000025
klm_fig3_jax,2.0,1.3771428571428572,0.5248128918277175,9,0.001953125,14,6.103515625e-05,16384,256,2.2906702053646396e-05,0.15200414281608757,5627.2109375,0.8398790509999117
klm_fig3_jax,2.0,1.6,0.5656854249492381,4,0.0625,14,6.103515625e-05,16384,256,0.0010243847938076287,0.1982579329942549,189.69921875,0.42138531499995224
klm_fig3_jax,2.0,1.6,0.5656854249492381,5,0.03125,14,6.103515625e-05,16384,256,0.000490136617167942,0.18672519068275734,380.0078125,0.4329709719999073
klm_fig3_jax,2.0,1.6,0.5656854249492381,6,0.015625,14,6.103515625e-05,16384,256,0.00023698157351276607,0.17777834252458766,768.53515625,0.4735060349999003
klm_fig3_jax,2.0,1.6,0.5656854249492381,7,0.0078125,14,6.103515625e-05,16384,256,0.00012054976144273932,0.16786474150989555,1580.76953125,0.5443273150000323
klm_fig3_jax,2.0,1.6,0.5656854249492381,8,0.00390625,14,6.103515625e-05,16384,256,5.0401479412649316e-05,0.15394890845249606,3377.515625,0.7290399839999964
klm_fig3_jax,2.0,1.6,0.5656854249492381,9,0.001953125,14,6.103515625e-05,16384,256,2.372210849021968e-05,0.20088605592097827,6048.57421875,0.8669639580000421
klm_fig3_jax,2.0,0.0,0.0,4,0.0625,16,1.52587890625e-05,65536,256,0.00011576601001226511,0.0,85.0,0.6734394999999722
klm_fig3_jax,2.0,0.0,0.0,5,0.03125,16,1.52587890625e-05,65536,256,5.789034749342781e-05,0.0,170.0,0.40748067399999854
klm_fig3_jax,2.0,0.0,0.0,6,0.015625,16,1.52587890625e-05,65536,256,2.8988745200721203e-05,0.0,340.0,0.4093371669999897
klm_fig3_jax,2.0,0.0,0.0,7,0.0078125,16,1.52587890625e-05,65536,256,1.453045514368534e-05,0.0,681.0,0.41832615199996326
klm_fig3_jax,2.0,0.0,0.0,8,0.00390625,16,1.52587890625e-05,65536,256,7.302888982818612e-06,0.0,1368.0,0.4467342789999975
klm_fig3_jax,2.0,0.0,0.0,9,0.001953125,16,1.52587890625e-05,65536,256,3.691320436795265e-06,0.0,2764.0,0.49833807299989985
klm_fig3_jax,2.0,0.04,0.08944271909999159,4,0.0625,16,1.52587890625e-05,65536,256,0.00018043721536325537,0.0,86.13671875,0.3992049199999883
klm_fig3_jax,2.0,0.04,0.08944271909999159,5,0.03125,16,1.52587890625e-05,65536,256,9.218888510658074e-05,0.0,171.79296875,0.3962264110000433
klm_fig3_jax,2.0,0.04,0.08944271909999159,6,0.015625,16,1.52587890625e-05,65536,256,4.511149371097346e-05,0.0,343.51171875,0.4221853020000026
klm_fig3_jax,2.0,0.04,0.08944271909999159,7,0.0078125,16,1.52587890625e-05,65536,256,2.190929068215218e-05,0.0,688.2734375,0.4331101650000164
klm_fig3_jax,2.0,0.04,0.08944271909999159,8,0.00390625,16,1.52587890625e-05,65536,256,1.1784551653165525e-05,0.0,1383.390625,0.4554266650000045
klm_fig3_jax,2.0,0.04,0.08944271909999159,9,0.001953125,16,1.52587890625e-05,65536,256,5.684243194074647e-06,0.0,2796.56640625,0.5212579169999572
klm_fig3_jax,2.0,0.26285714285714284,0.22928460168844433,4,0.0625,16,1.52587890625e-05,65536,256,0.00035257338490179627,0.0,92.9375,0.411386967999988
klm_fig3_jax,2.0,0.26285714285714284,0.22928460168844433,5,0.03125,16,1.52587890625e-05,65536,256,0.00018274035328526677,0.0,185.49609375,0.41792478600007144
klm_fig3_jax,2.0,0.26285714285714284,0.22928460168844433,6,0.015625,16,1.52587890625e-05,65536,256,8.46844054194804e-05,0.0,371.05078125,0.43588987299995097
klm_fig3_jax,2.0,0.26285714285714284,0.22928460168844433,7,0.0078125,16,1.52587890625e-05,65536,256,4.520363070861828e-05,0.0,743.8359375,0.45277628299993466
klm_fig3_jax,2.0,0.26285714285714284,0.22928460168844433,8,0.00390625,16,1.52587890625e-05,65536,256,2.1280276368512273e-05,0.0,1496.28125,0.49823884700003873
klm_fig3_jax,2.0,0.26285714285714284,0.22928460168844433,9,0.001953125,16,1.52587890625e-05,65536,256,1.0889702645860714e-05,0.0,3029.80078125,0.5835910969999532
klm_fig3_jax,2.0,0.4857142857142857,0.31167748898959186,4,0.0625,16,1.52587890625e-05,65536,256,0.000488780396781788,0.0010321495470010321,102.18359375,0.4035124150000229
klm_fig3_jax,2.0,0.4857142857142857,0.31167748898959186,5,0.03125,16,1.52587890625e-05,65536,256,0.00024715547142252145,0.00093851752537828,203.9453125,0.4166076129999965
klm_fig3_jax,2.0,0.4857142857142857,0.31167748898959186,6,0.015625,16,1.52587890625e-05,65536,256,0.0001125657757320555,0.0008137397564524777,408.03125,0.4312500370000407
klm_fig3_jax,2.0,0.4857142857142857,0.31167748898959186,7,0.0078125,16,1.52587890625e-05,65536,256,5.994108529546342e-05,0.0008731624225247277,818.68359375,0.46485261099996933
klm_fig3_jax,2.0,0.4857142857142857,0.31167748898959186,8,0.00390625,16,1.52587890625e-05,65536,256,2.889038015026717e-05,0.000807607138205028,1649.35546875,0.52950604199998
klm_fig3_jax,2.0,0.4857142857142857,0.31167748898959186,9,0.001953125,16,1.52587890625e-05,65536,256,1.3680997170011136e-05,0.0008021312440612558,3350.44921875,0.6700755549999258
klm_fig3_jax,2.0,0.7085714285714286,0.37644957924572814,4,0.0625,16,1.52587890625e-05,65536,256,0.0005964607175542035,0.009452957035115858,114.46484375,0.4190703559999065
klm_fig3_jax,2.0,0.7085714285714286,0.37644957924572814,5,0.03125,16,1.52587890625e-05,65536,256,0.00027531381808327583,0.008598437580129575,228.51171875,0.43665076400009184
klm_fig3_jax,2.0,0.7085714285714286,0.37644957924572814,6,0.015625,16,1.52587890625e-05,65536,256,0.00014834405129201034,0.008095368219702146,457.4375,0.4550690720000148
klm_fig3_jax,2.0,0.7085714285714286,0.37644957924572814,7,0.0078125,16,1.52587890625e-05,65536,256,7.201271503840875e-05,0.007908533137179034,918.70703125,0.49271961099998407
klm_fig3_jax,2.0,0.7085714285714286,0.37644957924572814,8,0.00390625,16,1.52587890625e-05,65536,256,3.345750222685796e-05,0.007723178378469429,1855.2109375,0.5711437379999325
klm_fig3_jax,2.0,0.7085714285714286,0.37644957924572814,9,0.001953125,16,1.52587890625e-05,65536,256,1.8439304978716043e-05,0.007474675399666738,3788.3125,0.7548795799999652
klm_fig3_jax,2.0,0.9314285714285715,0.4316082880178673,4,0.0625,16,1.52587890625e-05,65536,256,0.0006165372979071987,0.03881945490137027,129.70703125,0.4240004299999782
klm_fig3_jax,2.0,0.9314285714285715,0.4316082880178673,5,0.03125,16,1.52587890625e-05,65536,256,0.00035368271624154493,0.03608224096058407,258.95703125,0.4349025879999999
klm_fig3_jax,2.0,0.9314285714285715,0.4316082880178673,6,0.015625,16,1.52587890625e-05,65536,256,0.0001507729496114706,0.034355976131637635,518.46875,0.46643354699995143
klm_fig3_jax,2.0,0.9314285714285715,0.4316082880178673,7,0.0078125,16,1.52587890625e-05,65536,256,6.910676332795014e-05,0.03332271424020389,1042.24609375,0.5158647540000629
klm_fig3_jax,2.0,0.9314285714285715,0.4316082880178673,8,0.00390625,16,1.52587890625e-05,65536,256,4.598271887834548e-05,0.032387059252797244,2109.01171875,0.622410344000059
klm_fig3_jax,2.0,0.9314285714285715,0.4316082880178673,9,0.001953125,16,1.52587890625e-05,65536,256,1.8818417155046822e-05,0.03136281466204587,4326.0078125,0.872115873000098
klm_fig3_jax,2.0,1.1542857142857144,0.4804759545046379,4,0.0625,16,1.52587890625e-05,65536,256,0.0007248961633798966,0.08306844670481034,147.46875,0.41960824600005253
klm_fig3_jax,2.0,1.1542857142857144,0.4804759545046379,5,0.03125,16,1.52587890625e-05,65536,256,0.00038272464243422163,0.07714164320994212,294.203125,0.43158630400000675
klm_fig3_jax,2.0,1.1542857142857144,0.4804759545046379,6,0.015625,16,1.52587890625e-05,65536,256,0.00016337799885041888,0.07432530999270605,589.1015625,0.4713274419999607
klm_fig3_jax,2.0,1.1542857142857144,0.4804759545046379,7,0.0078125,16,1.52587890625e-05,65536,256,8.459159553917919e-05,0.0723842557484718,1184.7578125,0.5201256290000629
klm_fig3_jax,2.0,1.1542857142857144,0.4804759545046379,8,0.00390625,16,1.52587890625e-05,65536,256,3.806553980553106e-05,0.07015831018642818,2400.59765625,0.6442141149999543
klm_fig3_jax,2.0,1.1542857142857144,0.4804759545046379,9,0.001953125,16,1.52587890625e-05,65536,256,1.79496667733755e-05,0.06764327594943513,4941.36328125,0.9017838909999227
klm_fig3_jax,2.0,1.3771428571428572,0.5248128918277175,4,0.0625,16,1.52587890625e-05,65536,256,0.000804023340888787,0.13701732268758463,167.3203125,0.4280916050000769
klm_fig3_jax,2.0,1.3771428571428572,0.5248128918277175,5,0.03125,16,1.52587890625e-05,65536,256,0.000346962173432823,0.12865928659286593,333.45703125,0.4354634269999451
klm_fig3_jax,2.0,1.3771428571428572,0.5248128918277175,6,0.015625,16,1.52587890625e-05,65536,256,0.00021382855898261554,0.12416567132719736,667.171875,0.4689214450000918
klm_fig3_jax,2.0,1.3771428571428572,0.5248128918277175,7,0.0078125,16,1.52587890625e-05,65536,256,0.00010280206486040585,0.12047849035071631,1341.78515625,0.5271005070000001
klm_fig3_jax,2.0,1.3771428571428572,0.5248128918277175,8,0.00390625,16,1.52587890625e-05,65536,256,5.261137297505857e-05,0.1169969397265428,2720.08984375,0.662799941000003
klm_fig3_jax,2.0,1.3771428571428572,0.5248128918277175,9,0.001953125,16,1.52587890625e-05,65536,256,2.2673521160809784e-05,0.11231375870008203,5609.0078125,0.9629355160000159
klm_fig3_jax,2.0,1.6,0.5656854249492381,4,0.0625,16,1.52587890625e-05,65536,256,0.0009064241384762307,0.19934098727566626,188.4921875,0.4236814500000037
klm_fig3_jax,2.0,1.6,0.5656854249492381,5,0.03125,16,1.52587890625e-05,65536,256,0.000499229717368803,0.18791569670768207,375.875,0.43859903300005953
klm_fig3_jax,2.0,1.6,0.5656854249492381,6,0.015625,16,1.52587890625e-05,65536,256,0.0002646631452044509,0.18137239607708547,751.1953125,0.5008675840000478
klm_fig3_jax,2.0,1.6,0.5656854249492381,7,0.0078125,16,1.52587890625e-05,65536,256,0.00015639136322286615,0.1755353708444532,1509.06640625,0.5441110350000145
klm_fig3_jax,2.0,1.6,0.5656854249492381,8,0.00390625,16,1.52587890625e-05,65536,256,7.834361179040262e-05,0.17042374764676882,3058.4609375,0.6894625930000302
klm_fig3_jax,2.0,1.6,0.5656854249492381,9,0.001953125,16,1.52587890625e-05,65536,256,4.412156830458019e-05,0.16288761310220537,6307.3828125,1.0136087699999052
klm_fig3_jax,2.0,0.0,0.0,4,0.0625,18,3.814697265625e-06,262144,256,0.00011568142321844584,0.0,85.0,0.6976784309999857
klm_fig3_jax,2.0,0.0,0.0,5,0.03125,18,3.814697265625e-06,262144,256,5.785523263460157e-05,0.0,170.0,0.4022191120000116
klm_fig3_jax,2.0,0.0,0.0,6,0.015625,18,3.814697265625e-06,262144,256,2.8930534867376015e-05,0.0,339.0,0.4150218610000138
klm_fig3_jax,2.0,0.0,0.0,7,0.0078125,18,3.814697265625e-06,262144,256,1.4474560077970544e-05,0.0,678.0,0.418941221999944
klm_fig3_jax,2.0,0.0,0.0,8,0.00390625,18,3.814697265625e-06,262144,256,7.24790143915438e-06,0.0,1357.0,0.6807615530000248
klm_fig3_jax,2.0,0.0,0.0,9,0.001953125,18,3.814697265625e-06,262144,256,3.6329561805478745e-06,0.0,2722.0,0.4937622159999364
klm_fig3_jax,2.0,0.04,0.08944271909999159,4,0.0625,18,3.814697265625e-06,262144,256,0.00017985362051540027,0.0,86.09765625,0.4048586349999823
klm_fig3_jax,2.0,0.04,0.08944271909999159,5,0.03125,18,3.814697265625e-06,262144,256,9.135452408348544e-05,0.0,171.63671875,0.415182419999951
klm_fig3_jax,2.0,0.04,0.08944271909999159,6,0.015625,18,3.814697265625e-06,262144,256,4.404078761638158e-05,0.0,342.85546875,0.42607249100001354
klm_fig3_jax,2.0,0.04,0.08944271909999159,7,0.0078125,18,3.814697265625e-06,262144,256,2.2645552030415182e-05,0.0,685.53125,0.45318715299993073
klm_fig3_jax,2.0,0.04,0.08944271909999159,8,0.00390625,18,3.814697265625e-06,262144,256,1.124094537068701e-05,0.0,1372.32421875,0.45555627099997764
klm_fig3_jax,2.0,0.04,0.08944271909999159,9,0.001953125,18,3.814697265625e-06,262144,256,5.658546422300373e-06,0.0,2751.42578125,0.5201337050000348
klm_fig3_jax,2.0,0.26285714285714284,0.22928460168844433,4,0.0625,18,3.814697265625e-06,262144,256,0.0003630135429413942,0.0,92.890625,0.41114946899995175
klm_fig3_jax,2.0,0.26285714285714284,0.22928460168844433,5,0.03125,18,3.814697265625e-06,262144,256,0.0001733193532202619,0.0,185.32421875,0.40900403099999494
klm_fig3_jax,2.0,0.26285714285714284,0.22928460168844433,6,0.015625,18,3.814697265625e-06,262144,256,9.264290185328525e-05,0.0,370.18359375,0.4239376010000342
klm_fig3_jax,2.0,0.26285714285714284,0.22928460168844433,7,0.0078125,18,3.814697265625e-06,262144,256,4.341203779753231e-05,0.0,740.359375,0.4480202280000185
klm_fig3_jax,2.0,0.26285714285714284,0.22928460168844433,8,0.00390625,18,3.814697265625e-06,262144,256,2.148953210361355e-05,0.0,1482.453125,0.4871454919999678
klm_fig3_jax,2.0,0.26285714285714284,0.22928460168844433,9,0.001953125,18,3.814697265625e-06,262144,256,1.1355702619781906e-05,0.0,2973.48828125,0.5858045659999789
klm_fig3_jax,2.0,0.4857142857142857,0.31167748898959186,4,0.0625,18,3.814697265625e-06,262144,256,0.0004974005054653589,0.0010330578512396695,102.09375,0.4160263619999114
klm_fig3_jax,2.0,0.4857142857142857,0.31167748898959186,5,0.03125,18,3.814697265625e-06,262144,256,0.00024081106156587995,0.000882307810342182,203.65625,0.4129067410000289
klm_fig3_jax,2.0,0.4857142857142857,0.31167748898959186,6,0.015625,18,3.814697265625e-06,262144,256,0.00012915325637025485,0.0008351011240269152,406.94921875,0.43356490100006795
klm_fig3_jax,2.0,0.4857142857142857,0.31167748898959186,7,0.0078125,18,3.814697265625e-06,262144,256,5.3720208061495496e-05,0.0008397836717261634,814.01171875,0.46858849700004157
klm_fig3_jax,2.0,0.4857142857142857,0.31167748898959186,8,0.00390625,18,3.814697265625e-06,262144,256,2.7953113572901322e-05,0.0008193265231807119,1630.53125,0.5310466549999546
klm_fig3_jax,2.0,0.4857142857142857,0.31167748898959186,9,0.001953125,18,3.814697265625e-06,262144,256,1.4479182413610458e-05,0.0008139949847405779,3272.82421875,0.6689690160000055
klm_fig3_jax,2.0,0.7085714285714286,0.37644957924572814,4,0.0625,18,3.814697265625e-06,262144,256,0.000545774807408717,0.009495184097274404,114.3671875,0.4183333239999456
klm_fig3_jax,2.0,0.7085714285714286,0.37644957924572814,5,0.03125,18,3.814697265625e-06,262144,256,0.00024292067529974357,0.008820003425244048,228.0859375,0.42852732500000457
klm_fig3_jax,2.0,0.7085714285714286,0.37644957924572814,6,0.015625,18,3.814697265625e-06,262144,256,0.00016318296879459058,0.008218849361089447,455.79296875,0.4435175959999924
klm_fig3_jax,2.0,0.7085714285714286,0.37644957924572814,7,0.0078125,18,3.814697265625e-06,262144,256,7.102753160219203e-05,0.007962854291331669,911.94921875,0.4887972759999002
klm_fig3_jax,2.0,0.7085714285714286,0.37644957924572814,8,0.00390625,18,3.814697265625e-06,262144,256,3.2291239605820366e-05,0.007903533294008018,1827.703125,0.5754372090000288
klm_fig3_jax,2.0,0.7085714285714286,0.37644957924572814,9,0.001953125,18,3.814697265625e-06,262144,256,1.829440669906453e-05,0.00769684000952932,3672.875,0.7460186159999012
klm_fig3_jax,2.0,0.9314285714285715,0.4316082880178673,4,0.0625,18,3.814697265625e-06,262144,256,0.0006604575378907268,0.039553813687066626,129.5703125,0.4196548799999391
klm_fig3_jax,2.0,0.9314285714285715,0.4316082880178673,5,0.03125,18,3.814697265625e-06,262144,256,0.0003385628899492492,0.0365296803652968,258.3515625,0.4333863560000282
klm_fig3_jax,2.0,0.9314285714285715,0.4316082880178673,6,0.015625,18,3.814697265625e-06,262144,256,0.00013685431547048803,0.034715021985423776,516.14453125,0.45409431300004144
klm_fig3_jax,2.0,0.9314285714285715,0.4316082880178673,7,0.0078125,18,3.814697265625e-06,262144,256,8.769421799477691e-05,0.03353011697343988,1032.88671875,0.5024824759999547
klm_fig3_jax,2.0,0.9314285714285715,0.4316082880178673,8,0.00390625,18,3.814697265625e-06,262144,256,3.748028366077105e-05,0.03294609831959243,2070.97265625,0.6098124869999992
klm_fig3_jax,2.0,0.9314285714285715,0.4316082880178673,9,0.001953125,18,3.814697265625e-06,262144,256,1.9046652244745065e-05,0.03253833927977008,4165.87890625,0.8079660519999834
klm_fig3_jax,2.0,1.1542857142857144,0.4804759545046379,4,0.0625,18,3.814697265625e-06,262144,256,0.0007138072363618326,0.08291117417712118,147.27734375,0.4275294919999624
klm_fig3_jax,2.0,1.1542857142857144,0.4804759545046379,5,0.03125,18,3.814697265625e-06,262144,256,0.00041626205869620613,0.07824478279386712,293.5,0.4287724570000364
klm_fig3_jax,2.0,1.1542857142857144,0.4804759545046379,6,0.015625,18,3.814697265625e-06,262144,256,0.00018890390627747232,0.07443717260040254,586.1171875,0.46359422599994105
klm_fig3_jax,2.0,1.1542857142857144,0.4804759545046379,7,0.0078125,18,3.814697265625e-06,262144,256,8.28088368657706e-05,0.07279680722771156,1172.5703125,0.5273736850000432
klm_fig3_jax,2.0,1.1542857142857144,0.4804759545046379,8,0.00390625,18,3.814697265625e-06,262144,256,4.112040539819656e-05,0.07163527027475997,2351.484375,0.6512624599999981
klm_fig3_jax,2.0,1.1542857142857144,0.4804759545046379,9,0.001953125,18,3.814697265625e-06,262144,256,2.5700335808917834e-05,0.07059802172373783,4733.4453125,0.8720518940000375
klm_fig3_jax,2.0,1.3771428571428572,0.5248128918277175,4,0.0625,18,3.814697265625e-06,262144,256,0.0007986659307631182,0.1376060981597961,167.05859375,0.42521377200000643
klm_fig3_jax,2.0,1.3771428571428572,0.5248128918277175,5,0.03125,18,3.814697265625e-06,262144,256,0.000373936963310256,0.1288624668092206,332.4765625,0.4350046629999724
klm_fig3_jax,2.0,1.3771428571428572,0.5248128918277175,6,0.015625,18,3.814697265625e-06,262144,256,0.00021023139147106988,0.12465121207483193,663.5703125,0.47033105800005615
klm_fig3_jax,2.0,1.3771428571428572,0.5248128918277175,7,0.0078125,18,3.814697265625e-06,262144,256,0.00011376596064088966,0.12144390174967541,1326.80859375,0.5379076379999788
klm_fig3_jax,2.0,1.3771428571428572,0.5248128918277175,8,0.00390625,18,3.814697265625e-06,262144,256,6.551206831590678e-05,0.11958914590930252,2659.85546875,0.6731089419999989
klm_fig3_jax,2.0,1.3771428571428572,0.5248128918277175,9,0.001953125,18,3.814697265625e-06,262144,256,2.885498037742963e-05,0.11760445129788187,5355.1796875,0.9277962649999836
klm_fig3_jax,2.0,1.6,0.5656854249492381,4,0.0625,18,3.814697265625e-06,262144,256,0.0010169673050263645,0.19996683456667289,188.44921875,0.4383922879999318
klm_fig3_jax,2.0,1.6,0.5656854249492381,5,0.03125,18,3.814697265625e-06,262144,256,0.0005019188543484875,0.18843087185366617,374.78515625,0.4485124079999423
klm_fig3_jax,2.0,1.6,0.5656854249492381,6,0.015625,18,3.814697265625e-06,262144,256,0.00026890240113359065,0.1818742841602644,746.91015625,0.4802890180000077
klm_fig3_jax,2.0,1.6,0.5656854249492381,7,0.0078125,18,3.814697265625e-06,262144,256,0.0001577107466592146,0.17755741701339883,1491.79296875,0.5526283749999266
klm_fig3_jax,2.0,1.6,0.5656854249492381,8,0.00390625,18,3.814697265625e-06,262144,256,8.88878434372487e-05,0.17397128686344596,2988.88671875,0.6944710440000108
klm_fig3_jax,2.0,1.6,0.5656854249492381,9,0.001953125,18,3.814697265625e-06,262144,256,5.0296776590154814e-05,0.1705879029131132,6014.42578125,0.9772408940000332
klm_fig3_jax,0.2,0.0,0.0,4,0.0625,14,6.103515625e-05,16384,256,7.426014387554997e-06,0.0,107.0,0.4225401179999153
klm_fig3_jax,0.2,0.0,0.0,5,0.03125,14,6.103515625e-05,16384,256,3.7276374051549432e-06,0.0,214.0,0.4223868719999473
klm_fig3_jax,0.2,0.0,0.0,6,0.015625,14,6.103515625e-05,16384,256,1.8759841603592509e-06,0.0,431.0,0.42108135700004823
klm_fig3_jax,0.2,0.0,0.0,7,0.0078125,14,6.103515625e-05,16384,256,9.515905029823523e-07,0.0,871.0,0.4399091270000781
klm_fig3_jax,0.2,0.0,0.0,8,0.00390625,14,6.103515625e-05,16384,256,4.893007379061509e-07,0.0,1784.0,0.46477414299999964
klm_fig3_jax,0.2,0.0,0.0,9,0.001953125,14,6.103515625e-05,16384,256,2.4925237848347215e-07,0.0,3929.0,0.5315125790000366
klm_fig3_jax,0.2,0.04,0.028284271247461905,4,0.0625,14,6.103515625e-05,16384,256,9.854023422839964e-06,0.0,107.5234375,0.4087656809999771
klm_fig3_jax,0.2,0.04,0.028284271247461905,5,0.03125,14,6.103515625e-05,16384,256,4.742886104690033e-06,0.0,215.21875,0.40911027000004196
klm_fig3_jax,0.2,0.04,0.028284271247461905,6,0.015625,14,6.103515625e-05,16384,256,2.4957908777731854e-06,0.0,432.73046875,0.4232087520000505
klm_fig3_jax,0.2,0.04,0.028284271247461905,7,0.0078125,14,6.103515625e-05,16384,256,1.1694237388800417e-06,0.0,876.31640625,0.4507900419999942
klm_fig3_jax,0.2,0.04,0.028284271247461905,8,0.00390625,14,6.103515625e-05,16384,256,6.072718867472888e-07,0.0,1798.97265625,0.4999115260000053
klm_fig3_jax,0.2,0.04,0.028284271247461905,9,0.001953125,14,6.103515625e-05,16384,256,3.137600446013387e-07,0.0,3879.26953125,0.5984727669999756
klm_fig3_jax,0.2,0.26285714285714284,0.07250615737399727,4,0.0625,14,6.103515625e-05,16384,256,1.6109759301452572e-05,0.0,110.8515625,0.41297994899991863
klm_fig3_jax,0.2,0.26285714285714284,0.07250615737399727,5,0.03125,14,6.103515625e-05,16384,256,8.254871242238846e-06,0.0,221.87890625,0.41689040999995086
klm_fig3_jax,0.2,0.26285714285714284,0.07250615737399727,6,0.015625,14,6.103515625e-05,16384,256,4.323936975091742e-06,0.0,446.25390625,0.42461786499995924
klm_fig3_jax,0.2,0.26285714285714284,0.07250615737399727,7,0.0078125,14,6.103515625e-05,16384,256,2.2205747736732394e-06,0.0,904.79296875,0.45439938000004076
klm_fig3_jax,0.2,0.26285714285714284,0.07250615737399727,8,0.00390625,14,6.103515625e-05,16384,256,1.0700150115896805e-06,0.0,1863.34765625,0.5002142899999171
klm_fig3_jax,0.2,0.26285714285714284,0.07250615737399727,9,0.001953125,14,6.103515625e-05,16384,256,5.752172849783813e-07,0.0,3979.859375,0.6241164979999212
klm_fig3_jax,0.2,0.4857142857142857,0.09856107606091623,4,0.0625,14,6.103515625e-05,16384,256,2.2794812218114897e-05,0.0,114.8125,0.4108367740000176
klm_fig3_jax,0.2,0.4857142857142857,0.09856107606091623,5,0.03125,14,6.103515625e-05,16384,256,1.0725502724854365e-05,0.0,229.9375,0.41994882399990274
klm_fig3_jax,0.2,0.4857142857142857,0.09856107606091623,6,0.015625,14,6.103515625e-05,16384,256,5.489836305702615e-06,0.0,462.80859375,0.4375254069999528
klm_fig3_jax,0.2,0.4857142857142857,0.09856107606091623,7,0.0078125,14,6.103515625e-05,16384,256,2.6796503307094506e-06,0.0,939.34375,0.47487896000006913
klm_fig3_jax,0.2,0.4857142857142857,0.09856107606091623,8,0.00390625,14,6.103515625e-05,16384,256,1.4285583426063422e-06,0.0,1939.23828125,0.545700436000061
klm_fig3_jax,0.2,0.4857142857142857,0.09856107606091623,9,0.001953125,14,6.103515625e-05,16384,256,6.681758275387936e-07,0.0003209540782283335,4162.39453125,0.7244193740000355
klm_fig3_jax,0.2,0.7085714285714286,0.11904380946285521,4,0.0625,14,6.103515625e-05,16384,256,2.4353243519916467e-05,0.0011406596271672533,119.859375,0.41595784300000105
klm_fig3_jax,0.2,0.7085714285714286,0.11904380946285521,5,0.03125,14,6.103515625e-05,16384,256,1.176420159612783e-05,0.0010897321210741181,240.16796875,0.4185148269999672
klm_fig3_jax,0.2,0.7085714285714286,0.11904380946285521,6,0.015625,14,6.103515625e-05,16384,256,5.907856222955841e-06,0.0010413555381547826,483.89453125,0.44318521600007443
klm_fig3_jax,0.2,0.7085714285714286,0.11904380946285521,7,0.0078125,14,6.103515625e-05,16384,256,3.1592127063452946e-06,0.0010400127024452208,984.0625,0.4990333920000012
klm_fig3_jax,0.2,0.7085714285714286,0.11904380946285521,8,0.00390625,14,6.103515625e-05,16384,256,1.5974705698936558e-06,0.0010012060416945843,2040.5078125,0.6159502780000139
klm_fig3_jax,0.2,0.7085714285714286,0.11904380946285521,9,0.001953125,14,6.103515625e-05,16384,256,7.017234026200603e-07,0.0037987504833805774,4404.203125,0.789905478000037
klm_fig3_jax,0.2,0.9314285714285715,0.13648652471424214,4,0.0625,14,6.103515625e-05,16384,256,2.4876098093713115e-05,0.006739627774686206,126.3515625,0.41688998499989793
klm_fig3_jax,0.2,0.9314285714285715,0.13648652471424214,5,0.03125,14,6.103515625e-05,16384,256,1.2162965377514187e-05,0.006473888649115235,253.421875,0.42976790800003073
klm_fig3_jax,0.2,0.9314285714285715,0.13648652471424214,6,0.015625,14,6.103515625e-05,16384,256,6.339356860579407e-06,0.006441900628142623,511.1796875,0.4629138209999155
klm_fig3_jax,0.2,0.9314285714285715,0.13648652471424214,7,0.0078125,14,6.103515625e-05,16384,256,3.2996075009073512e-06,0.006336137730387967,1041.890625,0.5292051070000525
klm_fig3_jax,0.2,0.9314285714285715,0.13648652471424214,8,0.00390625,14,6.103515625e-05,16384,256,1.7136017478081337e-06,0.006059374679725189,2172.51171875,0.6907959220000066
klm_fig3_jax,0.2,0.9314285714285715,0.13648652471424214,9,0.001953125,14,6.103515625e-05,16384,256,8.656867263653041e-07,0.012957114236506877,4667.7421875,0.8153863669999737
klm_fig3_jax,0.2,1.1542857142857144,0.15193983771780953,4,0.0625,14,6.103515625e-05,16384,256,2.758376165246893e-05,0.017431725740848343,134.453125,0.4166516060000731
klm_fig3_jax,0.2,1.1542857142857144,0.15193983771780953,5,0.03125,14,6.103515625e-05,16384,256,1.3380628230850858e-05,0.016889056123187356,269.9140625,0.43500683699994624
klm_fig3_jax,0.2,1.1542857142857144,0.15193983771780953,6,0.015625,14,6.103515625e-05,16384,256,6.929313070970108e-06,0.01642926745385762,545.1875,0.46995145899995805
klm_fig3_jax,0.2,1.1542857142857144,0.15193983771780953,7,0.0078125,14,6.103515625e-05,16384,256,3.5814008378816322e-06,0.016134682210514516,1115.125,0.5595945740000161
klm_fig3_jax,0.2,1.1542857142857144,0.15193983771780953,8,0.00390625,14,6.103515625e-05,16384,256,1.69010093323603e-06,0.015294115684891182,2342.09765625,0.7241104529999802
klm_fig3_jax,0.2,1.1542857142857144,0.15193983771780953,9,0.001953125,14,6.103515625e-05,16384,256,9.090423779096996e-07,0.032401795522557675,4949.8125,0.8261650109999437
klm_fig3_jax,0.2,1.3771428571428572,0.16596040835951553,4,0.0625,14,6.103515625e-05,16384,256,3.212097228536968e-05,0.0417050316849916,144.2421875,0.4198863489999667
klm_fig3_jax,0.2,1.3771428571428572,0.16596040835951553,5,0.03125,14,6.103515625e-05,16384,256,1.536004013485104e-05,0.040772040488994916,289.81640625,0.4332258780000302
klm_fig3_jax,0.2,1.3771428571428572,0.16596040835951553,6,0.015625,14,6.103515625e-05,16384,256,8.429285202060795e-06,0.03983336110648225,586.03515625,0.4845579050000879
klm_fig3_jax,0.2,1.3771428571428572,0.16596040835951553,7,0.0078125,14,6.103515625e-05,16384,256,3.633796630244529e-06,0.03876490707866776,1201.453125,0.5628843019999294
klm_fig3_jax,0.2,1.3771428571428572,0.16596040835951553,8,0.00390625,14,6.103515625e-05,16384,256,1.8052492591764712e-06,0.036551385271316635,2536.02734375,0.7791354910000337
klm_fig3_jax,0.2,1.3771428571428572,0.16596040835951553,9,0.001953125,14,6.103515625e-05,16384,256,8.425372675681608e-07,0.0586347657023771,5225.80859375,0.8298015490000807
klm_fig3_jax,0.2,1.6,0.1788854381999832,4,0.0625,14,6.103515625e-05,16384,256,3.8348362785160175e-05,0.07729869868358126,155.19140625,0.4222496869999759
klm_fig3_jax,0.2,1.6,0.1788854381999832,5,0.03125,14,6.103515625e-05,16384,256,1.9237911735972245e-05,0.07584600355684692,311.8984375,0.44549165599994467
klm_fig3_jax,0.2,1.6,0.1788854381999832,6,0.015625,14,6.103515625e-05,16384,256,9.568125656350788e-06,0.07425080767945337,631.1484375,0.48728135800001837
klm_fig3_jax,0.2,1.6,0.1788854381999832,7,0.0078125,14,6.103515625e-05,16384,256,3.933400569258267e-06,0.0717316373702923,1295.35546875,0.5724770389999776
klm_fig3_jax,0.2,1.6,0.1788854381999832,8,0.00390625,14,6.103515625e-05,16384,256,1.7988568185295666e-06,0.06753617322098446,2740.71875,0.7897269889999734
klm_fig3_jax,0.2,1.6,0.1788854381999832,9,0.001953125,14,6.103515625e-05,16384,256,9.717236589073538e-07,0.08498149041073322,5500.73828125,0.8382478589999209
klm_fig3_jax,0.2,0.0,0.0,4,0.0625,16,1.52587890625e-05,65536,256,7.411794139728506e-06,0.0,107.0,0.4122736840000698
klm_fig3_jax,0.2,0.0,0.0,5,0.03125,16,1.52587890625e-05,65536,256,3.7089999515849126e-06,0.0,213.0,0.4140421670000478
klm_fig3_jax,0.2,0.0,0.0,6,0.015625,16,1.52587890625e-05,65536,256,1.8586167371582862e-06,0.0,426.0,0.7095976769999197
klm_fig3_jax,0.2,0.0,0.0,7,0.0078125,16,1.52587890625e-05,65536,256,9.319645048189163e-07,0.0,855.0,0.4389346689999911
klm_fig3_jax,0.2,0.0,0.0,8,0.00390625,16,1.52587890625e-05,65536,256,4.6897847990473585e-07,0.0,1721.0,0.46313008899994657
klm_fig3_jax,0.2,0.0,0.0,9,0.001953125,16,1.52587890625e-05,65536,256,2.3791054836255765e-07,0.0,3482.0,0.5194231589999845
klm_fig3_jax,0.2,0.04,0.028284271247461905,4,0.0625,16,1.52587890625e-05,65536,256,9.797071894161016e-06,0.0,107.31640625,0.41347551500007285
klm_fig3_jax,0.2,0.04,0.028284271247461905,5,0.03125,16,1.52587890625e-05,65536,256,4.821903977227031e-06,0.0,214.18359375,0.42044504800003324
klm_fig3_jax,0.2,0.04,0.028284271247461905,6,0.015625,16,1.52587890625e-05,65536,256,2.478509224952256e-06,0.0,428.49609375,0.4173499160000347
klm_fig3_jax,0.2,0.04,0.028284271247461905,7,0.0078125,16,1.52587890625e-05,65536,256,1.1989069970164845e-06,0.0,859.26171875,0.460396332000073
klm_fig3_jax,0.2,0.04,0.028284271247461905,8,0.00390625,16,1.52587890625e-05,65536,256,6.199940002023259e-07,0.0,1729.359375,0.4685532509998893
klm_fig3_jax,0.2,0.04,0.028284271247461905,9,0.001953125,16,1.52587890625e-05,65536,256,3.059405688462935e-07,0.0,3503.62890625,0.5343422830000009
klm_fig3_jax,0.2,0.26285714285714284,0.07250615737399727,4,0.0625,16,1.52587890625e-05,65536,256,1.687410881038915e-05,0.0,110.51953125,0.40122528100005184
klm_fig3_jax,0.2,0.26285714285714284,0.07250615737399727,5,0.03125,16,1.52587890625e-05,65536,256,8.348991273084897e-06,0.0,220.7109375,0.41321950899998683
klm_fig3_jax,0.2,0.26285714285714284,0.07250615737399727,6,0.015625,16,1.52587890625e-05,65536,256,4.168606398884706e-06,0.0,441.67578125,0.4177850930000204
klm_fig3_jax,0.2,0.26285714285714284,0.07250615737399727,7,0.0078125,16,1.52587890625e-05,65536,256,2.298053464748284e-06,0.0,885.859375,0.44495752900002117
klm_fig3_jax,0.2,0.26285714285714284,0.07250615737399727,8,0.00390625,16,1.52587890625e-05,65536,256,1.0020940269915495e-06,0.0,1783.6328125,0.48528552000004765
klm_fig3_jax,0.2,0.26285714285714284,0.07250615737399727,9,0.001953125,16,1.52587890625e-05,65536,256,5.292578406678393e-07,0.0,3617.87890625,0.5885256779999963
klm_fig3_jax,0.2,0.4857142857142857,0.09856107606091623,4,0.0625,16,1.52587890625e-05,65536,256,2.370329157978885e-05,0.0,114.453125,0.40538821699999517
klm_fig3_jax,0.2,0.4857142857142857,0.09856107606091623,5,0.03125,16,1.52587890625e-05,65536,256,1.1048201251062309e-05,0.0,228.66796875,0.4230167509999774
klm_fig3_jax,0.2,0.4857142857142857,0.09856107606091623,6,0.015625,16,1.52587890625e-05,65536,256,5.28131884329263e-06,0.0,457.6640625,0.4298631999999998
klm_fig3_jax,0.2,0.4857142857142857,0.09856107606091623,7,0.0078125,16,1.52587890625e-05,65536,256,2.7781760005871727e-06,0.0,918.2421875,0.4652303859999165
klm_fig3_jax,0.2,0.4857142857142857,0.09856107606091623,8,0.00390625,16,1.52587890625e-05,65536,256,1.373159660786623e-06,0.0,1849.82421875,0.5243144659999643
klm_fig3_jax,0.2,0.4857142857142857,0.09856107606091623,9,0.001953125,16,1.52587890625e-05,65536,256,6.070405917346667e-07,0.0,3756.5,0.655735916000026
klm_fig3_jax,0.2,0.7085714285714286,0.11904380946285521,4,0.0625,16,1.52587890625e-05,65536,256,2.446671428536198e-05,0.0010459909129539437,119.50390625,0.4124726189999137
klm_fig3_jax,0.2,0.7085714285714286,0.11904380946285521,5,0.03125,16,1.52587890625e-05,65536,256,1.2023523517681683e-05,0.0010962221240530768,238.74609375,0.4297277990000339
klm_fig3_jax,0.2,0.7085714285714286,0.11904380946285521,6,0.015625,16,1.52587890625e-05,65536,256,5.724981846806396e-06,0.0010542919489690006,477.95703125,0.44473407899999984
klm_fig3_jax,0.2,0.7085714285714286,0.11904380946285521,7,0.0078125,16,1.52587890625e-05,65536,256,2.9947664658944608e-06,0.001050415891408168,959.44140625,0.5336709240000346
klm_fig3_jax,0.2,0.7085714285714286,0.11904380946285521,8,0.00390625,16,1.52587890625e-05,65536,256,1.4244890555243925e-06,0.0010460124309894308,1934.4296875,0.583902964999993
klm_fig3_jax,0.2,0.7085714285714286,0.11904380946285521,9,0.001953125,16,1.52587890625e-05,65536,256,7.420343741839045e-07,0.001031269603055496,3935.53125,0.779483904000017
klm_fig3_jax,0.2,0.9314285714285715,0.13648652471424214,4,0.0625,16,1.52587890625e-05,65536,256,2.498180612113713e-05,0.006639158626252598,125.91015625,0.4131092320000107
klm_fig3_jax,0.2,0.9314285714285715,0.13648652471424214,5,0.03125,16,1.52587890625e-05,65536,256,1.2883784929304954e-05,0.006581398236681982,251.65625,0.42192794799996136
klm_fig3_jax,0.2,0.9314285714285715,0.13648652471424214,6,0.015625,16,1.52587890625e-05,65536,256,6.4268419246789715e-06,0.006602757348667437,504.05078125,0.4535913930000106
klm_fig3_jax,0.2,0.9314285714285715,0.13648652471424214,7,0.0078125,16,1.52587890625e-05,65536,256,3.1830077699400786e-06,0.006535897277609729,1012.4375,0.5222451089999822
klm_fig3_jax,0.2,0.9314285714285715,0.13648652471424214,8,0.00390625,16,1.52587890625e-05,65536,256,1.6250057275750803e-06,0.0064474076566072075,2043.578125,0.6388819720000356
klm_fig3_jax,0.2,0.9314285714285715,0.13648652471424214,9,0.001953125,16,1.52587890625e-05,65536,256,8.467822325014721e-07,0.006306676190422626,4167.2109375,0.917895557999941
klm_fig3_jax,0.2,1.1542857142857144,0.15193983771780953,4,0.0625,16,1.52587890625e-05,65536,256,2.7528562037445672e-05,0.017180526791704342,133.91796875,0.4245058380000728
klm_fig3_jax,0.2,1.1542857142857144,0.15193983771780953,5,0.03125,16,1.52587890625e-05,65536,256,1.4496254386806518e-05,0.017242636868900527,267.77734375,0.4407203370000161
klm_fig3_jax,0.2,1.1542857142857144,0.15193983771780953,6,0.015625,16,1.52587890625e-05,65536,256,6.69982275973501e-06,0.016809108513023602,536.5859375,0.4747155520000206
klm_fig3_jax,0.2,1.1542857142857144,0.15193983771780953,7,0.0078125,16,1.52587890625e-05,65536,256,3.399834493867254e-06,0.016658577048182733,1078.4140625,0.5468869719999248
klm_fig3_jax,0.2,1.1542857142857144,0.15193983771780953,8,0.00390625,16,1.52587890625e-05,65536,256,1.6661797797886614e-06,0.016463559949183002,2180.00390625,0.6961957999999413
klm_fig3_jax,0.2,1.1542857142857144,0.15193983771780953,9,0.001953125,16,1.52587890625e-05,65536,256,9.78604683822744e-07,0.016071189299535757,4460.37890625,1.010187449
klm_fig3_jax,0.2,1.3771428571428572,0.16596040835951553,4,0.0625,16,1.52587890625e-05,65536,256,3.1256846953884616e-05,0.04168932883715871,143.640625,0.44751338000003216
klm_fig3_jax,0.2,1.3771428571428572,0.16596040835951553,5,0.03125,16,1.52587890625e-05,65536,256,1.526292722202697e-05,0.04120598914772959,287.23828125,0.44222781999997096
klm_fig3_jax,0.2,1.3771428571428572,0.16596040835951553,6,0.015625,16,1.52587890625e-05,65536,256,8.470567736000958e-06,0.040716921741018125,575.8125,0.48441360300000724
klm_fig3_jax,0.2,1.3771428571428572,0.16596040835951553,7,0.0078125,16,1.52587890625e-05,65536,256,4.32965210298887e-06,0.04012994329317865,1157.95703125,0.5605823959999725
klm_fig3_jax,0.2,1.3771428571428572,0.16596040835951553,8,0.00390625,16,1.52587890625e-05,65536,256,2.157752832017963e-06,0.039610215345020426,2343.44140625,0.7264409239999168
klm_fig3_jax,0.2,1.3771428571428572,0.16596040835951553,9,0.001953125,16,1.52587890625e-05,65536,256,1.1448724087326366e-06,0.038542216096153985,4806.41796875,1.0644090790001428
klm_fig3_jax,0.2,1.6,0.1788854381999832,4,0.0625,16,1.52587890625e-05,65536,256,3.690028611394956e-05,0.0777808683338812,154.48046875,0.4265337360000103
klm_fig3_jax,0.2,1.6,0.1788854381999832,5,0.03125,16,1.52587890625e-05,65536,256,2.0458846551177177e-05,0.0764271628659554,309.015625,0.4533845879998353
klm_fig3_jax,0.2,1.6,0.1788854381999832,6,0.015625,16,1.52587890625e-05,65536,256,1.0106318593920801e-05,0.07531905770782889,619.5,0.4912455740000041
klm_fig3_jax,0.2,1.6,0.1788854381999832,7,0.0078125,16,1.52587890625e-05,65536,256,6.79977766633717e-06,0.07471910992713313,1246.38671875,0.5696299460000773
klm_fig3_jax,0.2,1.6,0.1788854381999832,8,0.00390625,16,1.52587890625e-05,65536,256,3.9948272103981534e-06,0.07333906004534937,2523.80859375,0.7419964839998556
klm_fig3_jax,0.2,1.6,0.1788854381999832,9,0.001953125,16,1.52587890625e-05,65536,256,1.4445537265078587e-06,0.07120293594245697,5182.53515625,1.0982591409999714
klm_fig3_jax,0.2,0.0,0.0,4,0.0625,18,3.814697265625e-06,262144,256,7.409648236800932e-06,0.0,107.0,0.42981359400005203
klm_fig3_jax,0.2,0.0,0.0,5,0.03125,18,3.814697265625e-06,262144,256,3.704207328734249e-06,0.0,213.0,0.45129749000011543
klm_fig3_jax,0.2,0.0,0.0,6,0.015625,18,3.814697265625e-06,262144,256,1.85396910258942e-06,0.0,425.0,0.4285927989999436
klm_fig3_jax,0.2,0.0,0.0,7,0.0078125,18,3.814697265625e-06,262144,256,9.274621927089777e-07,0.0,851.0,0.4316376459998992
klm_fig3_jax,0.2,0.0,0.0,8,0.00390625,18,3.814697265625e-06,262144,256,4.6451087296062177e-07,0.0,1704.0,0.4650776009998481
klm_fig3_jax,0.2,0.0,0.0,9,0.001953125,18,3.814697265625e-06,262144,256,2.330045294138272e-07,0.0,3419.0,0.5310795410000537
klm_fig3_jax,0.2,0.04,0.028284271247461905,4,0.0625,18,3.814697265625e-06,262144,256,9.756878114955293e-06,0.0,107.22265625,0.40881386999990355
klm_fig3_jax,0.2,0.04,0.028284271247461905,5,0.03125,18,3.814697265625e-06,262144,256,4.7697076424837065e-06,0.0,213.89453125,0.4124718100001701
klm_fig3_jax,0.2,0.04,0.028284271247461905,6,0.015625,18,3.814697265625e-06,262144,256,2.3645951511432727e-06,0.0,427.4140625,0.42083884600015153
klm_fig3_jax,0.2,0.04,0.028284271247461905,7,0.0078125,18,3.814697265625e-06,262144,256,1.191591438409192e-06,0.0,855.03515625,0.43827000999999655
klm_fig3_jax,0.2,0.04,0.028284271247461905,8,0.00390625,18,3.814697265625e-06,262144,256,6.041078269304174e-07,0.0,1712.328125,0.47444330499979515
klm_fig3_jax,0.2,0.04,0.028284271247461905,9,0.001953125,18,3.814697265625e-06,262144,256,2.981585057155859e-07,0.0,3435.39453125,0.5338423030000286
klm_fig3_jax,0.2,0.26285714285714284,0.07250615737399727,4,0.0625,18,3.814697265625e-06,262144,256,1.6707530420267995e-05,0.0,110.4375,0.41371190900008514
klm_fig3_jax,0.2,0.26285714285714284,0.07250615737399727,5,0.03125,18,3.814697265625e-06,262144,256,8.4582842565755e-06,0.0,220.44140625,0.4236468000001423
klm_fig3_jax,0.2,0.26285714285714284,0.07250615737399727,6,0.015625,18,3.814697265625e-06,262144,256,4.307563817153575e-06,0.0,440.546875,0.43257739799992123
klm_fig3_jax,0.2,0.26285714285714284,0.07250615737399727,7,0.0078125,18,3.814697265625e-06,262144,256,2.050530240572416e-06,0.0,881.2890625,0.45163703000002897
klm_fig3_jax,0.2,0.26285714285714284,0.07250615737399727,8,0.00390625,18,3.814697265625e-06,262144,256,1.0906964927634346e-06,0.0,1765.08984375,0.5192887290002091
klm_fig3_jax,0.2,0.26285714285714284,0.07250615737399727,9,0.001953125,18,3.814697265625e-06,262144,256,5.134589648206695e-07,0.0,3541.96484375,0.5894297889999507
klm_fig3_jax,0.2,0.4857142857142857,0.09856107606091623,4,0.0625,18,3.814697265625e-06,262144,256,2.301815056677867e-05,0.0,114.37890625,0.41100211600019065
klm_fig3_jax,0.2,0.4857142857142857,0.09856107606091623,5,0.03125,18,3.814697265625e-06,262144,256,1.0490684747606133e-05,0.0,228.3515625,0.4114594890002081
klm_fig3_jax,0.2,0.4857142857142857,0.09856107606091623,6,0.015625,18,3.814697265625e-06,262144,256,4.9561163814956e-06,0.0,456.3984375,0.43178709599987997
klm_fig3_jax,0.2,0.4857142857142857,0.09856107606091623,7,0.0078125,18,3.814697265625e-06,262144,256,2.3440230279917313e-06,0.0,913.171875,0.4662656010000319
klm_fig3_jax,0.2,0.4857142857142857,0.09856107606091623,8,0.00390625,18,3.814697265625e-06,262144,256,1.3330860540105852e-06,0.0,1829.1875,0.5220120989999941
klm_fig3_jax,0.2,0.4857142857142857,0.09856107606091623,9,0.001953125,18,3.814697265625e-06,262144,256,6.731878614229281e-07,0.0,3671.609375,0.6506015639999987
klm_fig3_jax,0.2,0.7085714285714286,0.11904380946285521,4,0.0625,18,3.814697265625e-06,262144,256,2.3797465225065746e-05,0.0010795603245223764,119.40625,0.4120942230001674
klm_fig3_jax,0.2,0.7085714285714286,0.11904380946285521,5,0.03125,18,3.814697265625e-06,262144,256,1.1565783756570285e-05,0.0010651896037494673,238.3671875,0.4174556020000182
klm_fig3_jax,0.2,0.7085714285714286,0.11904380946285521,6,0.015625,18,3.814697265625e-06,262144,256,5.956879810978153e-06,0.0010901907423953047,476.55078125,0.45245531099999425
klm_fig3_jax,0.2,0.7085714285714286,0.11904380946285521,7,0.0078125,18,3.814697265625e-06,262144,256,2.853425385052315e-06,0.00106505870111995,953.5859375,0.4822316669999509
klm_fig3_jax,0.2,0.7085714285714286,0.11904380946285521,8,0.00390625,18,3.814697265625e-06,262144,256,1.4632726156546382e-06,0.0010611240145245184,1910.5625,0.5833501570000408
klm_fig3_jax,0.2,0.7085714285714286,0.11904380946285521,9,0.001953125,18,3.814697265625e-06,262144,256,7.014601731120475e-07,0.0010558887946474482,3836.37109375,0.7623574379999809
klm_fig3_jax,0.2,0.9314285714285715,0.13648652471424214,4,0.0625,18,3.814697265625e-06,262144,256,2.4856060045984604e-05,0.0066147014067886095,125.78515625,0.42630744799998865
klm_fig3_jax,0.2,0.9314285714285715,0.13648652471424214,5,0.03125,18,3.814697265625e-06,262144,256,1.2749062236464596e-05,0.006498655182599773,251.25390625,0.4370645889998741
klm_fig3_jax,0.2,0.9314285714285715,0.13648652471424214,6,0.015625,18,3.814697265625e-06,262144,256,6.183633560325218e-06,0.006632970451010887,502.34375,0.46132723599998826
klm_fig3_jax,0.2,0.9314285714285715,0.13648652471424214,7,0.0078125,18,3.814697265625e-06,262144,256,3.3158038646519046e-06,0.006542600722638797,1005.4296875,0.5248275359999752
klm_fig3_jax,0.2,0.9314285714285715,0.13648652471424214,8,0.00390625,18,3.814697265625e-06,262144,256,1.7192480779926182e-06,0.006546273644706183,2015.1015625,0.6427278880000813
klm_fig3_jax,0.2,0.9314285714285715,0.13648652471424214,9,0.001953125,18,3.814697265625e-06,262144,256,8.243961326954173e-07,0.0064906432268927025,4048.49609375,0.8760455489998549
klm_fig3_jax,0.2,1.1542857142857144,0.15193983771780953,4,0.0625,18,3.814697265625e-06,262144,256,2.885082621391418e-05,0.01722678034395165,133.78515625,0.4365798950000226
klm_fig3_jax,0.2,1.1542857142857144,0.15193983771780953,5,0.03125,18,3.814697265625e-06,262144,256,1.4532932146747928e-05,0.016912732056716853,267.2265625,0.4487851179999325
klm_fig3_jax,0.2,1.1542857142857144,0.15193983771780953,6,0.015625,18,3.814697265625e-06,262144,256,6.52654660898463e-06,0.01684124350362189,534.40234375,0.482358455999929
klm_fig3_jax,0.2,1.1542857142857144,0.15193983771780953,7,0.0078125,18,3.814697265625e-06,262144,256,3.685537990984997e-06,0.016813441990886784,1069.875,0.5584704589998637
klm_fig3_jax,0.2,1.1542857142857144,0.15193983771780953,8,0.00390625,18,3.814697265625e-06,262144,256,1.780637786499224e-06,0.016717200688355322,2145.05859375,0.6893678100000216
klm_fig3_jax,0.2,1.1542857142857144,0.15193983771780953,9,0.001953125,18,3.814697265625e-06,262144,256,8.088633462960442e-07,0.016612017898226483,4312.578125,0.9783408840000902
klm_fig3_jax,0.2,1.3771428571428572,0.16596040835951553,4,0.0625,18,3.814697265625e-06,262144,256,3.0984577057499814e-05,0.04170409691030352,143.49609375,0.43368050699996274
klm_fig3_jax,0.2,1.3771428571428572,0.16596040835951553,5,0.03125,18,3.814697265625e-06,262144,256,1.556152597168049e-05,0.041170378042465046,286.6328125,0.4503240859999096
klm_fig3_jax,0.2,1.3771428571428572,0.16596040835951553,6,0.015625,18,3.814697265625e-06,262144,256,9.031856611147377e-06,0.040942446190219875,573.30859375,0.4896407829999134
klm_fig3_jax,0.2,1.3771428571428572,0.16596040835951553,7,0.0078125,18,3.814697265625e-06,262144,256,5.167506997040756e-06,0.04055838392638371,1147.84375,0.5665005119999478
klm_fig3_jax,0.2,1.3771428571428572,0.16596040835951553,8,0.00390625,18,3.814697265625e-06,262144,256,2.4628054722459457e-06,0.04029893296407917,2301.9375,0.7296953959998973
klm_fig3_jax,0.2,1.3771428571428572,0.16596040835951553,9,0.001953125,18,3.814697265625e-06,262144,256,1.6928087484409078e-06,0.040033945087241576,4630.640625,1.0307155360001161
klm_fig3_jax,0.2,1.6,0.1788854381999832,4,0.0625,18,3.814697265625e-06,262144,256,3.459909752745596e-05,0.07778002835730201,154.28125,0.4374443480000991
klm_fig3_jax,0.2,1.6,0.1788854381999832,5,0.03125,18,3.814697265625e-06,262144,256,2.025760091521349e-05,0.07652059341466813,308.33203125,0.4542752450001899
klm_fig3_jax,0.2,1.6,0.1788854381999832,6,0.015625,18,3.814697265625e-06,262144,256,1.1774929083889224e-05,0.0758866640906586,616.66796875,0.49372411300009844
klm_fig3_jax,0.2,1.6,0.1788854381999832,7,0.0078125,18,3.814697265625e-06,262144,256,6.731129523274892e-06,0.07519091938678021,1234.7734375,0.5776082489999226
klm_fig3_jax,0.2,1.6,0.1788854381999832,8,0.00390625,18,3.814697265625e-06,262144,256,4.019250183474508e-06,0.07473065452016207,2476.70703125,0.7448443640000733
klm_fig3_jax,0.2,1.6,0.1788854381999832,9,0.001953125,18,3.814697265625e-06,262144,256,2.5178563967710485e-06,0.07410333584148483,4983.75,1.0916874930001086
