regime,scheme,scheme_variant,reference,reference_n_steps,adaptive_grid_steps,dt,l1,l2,runtime_s,mean_steps_per_path,backstop_fraction,n_paths,signature_hash,coarse_n_steps,reference_grid,schemes,master_seed
D,FTE,fixed,HH,262144,131072,0.125,0.01231187335820117,0.02115391540821068,0.9965828039998996,8.0,0.0,20000,e2cec9b6ee760e24,"8,16,32,64,128,256","262144,1048576,4194304","FTE,ProjEuler,KL,KLM",120339106
D,FTE,fixed,HH,1048576,131072,0.125,0.012300194585178564,0.02113151223048183,0.9965828039998996,8.0,0.0,20000,e2cec9b6ee760e24,"8,16,32,64,128,256","262144,1048576,4194304","FTE,ProjEuler,KL,KLM",120339106
D,FTE,fixed,HH,4194304,131072,0.125,0.01229214346380164,0.02111571890760942,0.9965828039998996,8.0,0.0,20000,e2cec9b6ee760e24,"8,16,32,64,128,256","262144,1048576,4194304","FTE,ProjEuler,KL,KLM",120339106
D,FTE,fixed,HH,262144,131072,0.0625,0.009905160350099796,0.017433077573744876,1.015293515000053,16.0,0.0,20000,e2cec9b6ee760e24,"8,16,32,64,128,256","262144,1048576,4194304","FTE,ProjEuler,KL,KLM",120339106
D,FTE,fixed,HH,1048576,131072,0.0625,0.009902074171492976,0.017419511203945606,1.015293515000053,16.0,0.0,20000,e2cec9b6ee760e24,"8,16,32,64,128,256","262144,1048576,4194304","FTE,ProjEuler,KL,KLM",120339106
D,FTE,fixed,HH,4194304,131072,0.0625,0.009901289602598238,0.017411826915869084,1.015293515000053,16.0,0.0,20000,e2cec9b6ee760e24,"8,16,32,64,128,256","262144,1048576,4194304","FTE,ProjEuler,KL,KLM",120339106
D,FTE,fixed,HH,262144,131072,0.03125,0.007865844655677525,0.01374712517806062,0.8815198159996953,32.0,0.0,20000,e2cec9b6ee760e24,"8,16,32,64,128,256","262144,1048576,4194304","FTE,ProjEuler,KL,KLM",120339106
D,FTE,fixed,HH,1048576,131072,0.03125,0.007864935090142803,0.013741107928338584,0.8815198159996953,32.0,0.0,20000,e2cec9b6ee760e24,"8,16,32,64,128,256","262144,1048576,4194304","FTE,ProjEuler,KL,KLM",120339106
D,FTE,fixed,HH,4194304,131072,0.03125,0.007866545171055438,0.013739399528555185,0.8815198159996953,32.0,0.0,20000,e2cec9b6ee760e24,"8,16,32,64,128,256","262144,1048576,4194304","FTE,ProjEuler,KL,KLM",120339106
D,FTE,fixed,HH,262144,131072,0.015625,0.006147858882753813,0.0108074980164066,0.9959001270001409,64.0,0.0,20000,e2cec9b6ee760e24,"8,16,32,64,128,256","262144,1048576,4194304","FTE,ProjEuler,KL,KLM",120339106
D,FTE,fixed,HH,1048576,131072,0.015625,0.006154522628232182,0.01080825611662396,0.9959001270001409,64.0,0.0,20000,e2cec9b6ee760e24,"8,16,32,64,128,256","262144,1048576,4194304","FTE,ProjEuler,KL,KLM",120339106
D,FTE,fixed,HH,4194304,131072,0.015625,0.006163393496002636,0.010818616323424176,0.9959001270001409,64.0,0.0,20000,e2cec9b6ee760e24,"8,16,32,64,128,256","262144,1048576,4194304","FTE,ProjEuler,KL,KLM",120339106
D,FTE,fixed,HH,262144,131072,0.0078125,0.004876948252707778,0.008543957534436297,0.9787581479998835,128.0,0.0,20000,e2cec9b6ee760e24,"8,16,32,64,128,256","262144,1048576,4194304","FTE,ProjEuler,KL,KLM",120339106
D,FTE,fixed,HH,1048576,131072,0.0078125,0.004887539754613168,0.008549175829170102,0.9787581479998835,128.0,0.0,20000,e2cec9b6ee760e24,"8,16,32,64,128,256","262144,1048576,4194304","FTE,ProjEuler,KL,KLM",120339106
D,FTE,fixed,HH,4194304,131072,0.0078125,0.004895640346009683,0.00855701230511545,0.9787581479998835,128.0,0.0,20000,e2cec9b6ee760e24,"8,16,32,64,128,256","262144,1048576,4194304","FTE,ProjEuler,KL,KLM",120339106
D,FTE,fixed,HH,262144,131072,0.00390625,0.003836592761160854,0.0067913592894341636,0.9017717610000773,256.0,0.0,20000,e2cec9b6ee760e24,"8,16,32,64,128,256","262144,1048576,4194304","FTE,ProjEuler,KL,KLM",120339106
D,FTE,fixed,HH,1048576,131072,0.00390625,0.0038488650104318033,0.006802439549852194,0.9017717610000773,256.0,0.0,20000,e2cec9b6ee760e24,"8,16,32,64,128,256","262144,1048576,4194304","FTE,ProjEuler,KL,KLM",120339106
D,FTE,fixed,HH,4194304,131072,0.00390625,0.0038605315777309316,0.006815426866224713,0.9017717610000773,256.0,0.0,20000,e2cec9b6ee760e24,"8,16,32,64,128,256","262144,1048576,4194304","FTE,ProjEuler,KL,KLM",120339106
D,ProjEuler,fixed,HH,262144,131072,0.125,0.010441755264001103,0.013811766490801868,0.6228060659999528,8.0,0.0,20000,e2cec9b6ee760e24,"8,16,32,64,128,256","262144,1048576,4194304","FTE,ProjEuler,KL,KLM",120339106
D,ProjEuler,fixed,HH,1048576,131072,0.125,0.010513866461544863,0.013912871624909983,0.6228060659999528,8.0,0.0,20000,e2cec9b6ee760e24,"8,16,32,64,128,256","262144,1048576,4194304","FTE,ProjEuler,KL,KLM",120339106
D,ProjEuler,fixed,HH,4194304,131072,0.125,0.010562781218871576,0.013986306504395103,0.6228060659999528,8.0,0.0,20000,e2cec9b6ee760e24,"8,16,32,64,128,256","262144,1048576,4194304","FTE,ProjEuler,KL,KLM",120339106
D,ProjEuler,fixed,HH,262144,131072,0.0625,0.006844364708778309,0.009599281125369374,0.5972948480000468,16.0,0.0,20000,e2cec9b6ee760e24,"8,16,32,64,128,256","262144,1048576,4194304","FTE,ProjEuler,KL,KLM",120339106
D,ProjEuler,fixed,HH,1048576,131072,0.0625,0.006916791997020539,0.009705753981209422,0.5972948480000468,16.0,0.0,20000,e2cec9b6ee760e24,"8,16,32,64,128,256","262144,1048576,4194304","FTE,ProjEuler,KL,KLM",120339106
D,ProjEuler,fixed,HH,4194304,131072,0.0625,0.006966234139602737,0.009783293091730086,0.5972948480000468,16.0,0.0,20000,e2cec9b6ee760e24,"8,16,32,64,128,256","262144,1048576,4194304","FTE,ProjEuler,KL,KLM",120339106
D,ProjEuler,fixed,HH,262144,131072,0.03125,0.004706346311144155,0.006907728024513493,0.6059045320000678,32.0,0.0,20000,e2cec9b6ee760e24,"8,16,32,64,128,256","262144,1048576,4194304","FTE,ProjEuler,KL,KLM",120339106
D,ProjEuler,fixed,HH,1048576,131072,0.03125,0.004778182749006525,0.007016112766493325,0.6059045320000678,32.0,0.0,20000,e2cec9b6ee760e24,"8,16,32,64,128,256","262144,1048576,4194304","FTE,ProjEuler,KL,KLM",120339106
D,ProjEuler,fixed,HH,4194304,131072,0.03125,0.004828036647054378,0.007098808140564114,0.6059045320000678,32.0,0.0,20000,e2cec9b6ee760e24,"8,16,32,64,128,256","262144,1048576,4194304","FTE,ProjEuler,KL,KLM",120339106
D,ProjEuler,fixed,HH,262144,131072,0.015625,0.0033354264000132867,0.0050910408648227965,0.6177096389999406,64.0,0.0,20000,e2cec9b6ee760e24,"8,16,32,64,128,256","262144,1048576,4194304","FTE,ProjEuler,KL,KLM",120339106
D,ProjEuler,fixed,HH,1048576,131072,0.015625,0.003407648849812267,0.005203803200594223,0.6177096389999406,64.0,0.0,20000,e2cec9b6ee760e24,"8,16,32,64,128,256","262144,1048576,4194304","FTE,ProjEuler,KL,KLM",120339106
D,ProjEuler,fixed,HH,4194304,131072,0.015625,0.0034577825667580406,0.005289255324652251,0.6177096389999406,64.0,0.0,20000,e2cec9b6ee760e24,"8,16,32,64,128,256","262144,1048576,4194304","FTE,ProjEuler,KL,KLM",120339106
D,ProjEuler,fixed,HH,262144,131072,0.0078125,0.002411234719637342,0.0038141798556490525,0.6121548650000932,128.0,0.0,20000,e2cec9b6ee760e24,"8,16,32,64,128,256","262144,1048576,4194304","FTE,ProjEuler,KL,KLM",120339106
D,ProjEuler,fixed,HH,1048576,131072,0.0078125,0.0024827507050631933,0.0039294067732455005,0.6121548650000932,128.0,0.0,20000,e2cec9b6ee760e24,"8,16,32,64,128,256","262144,1048576,4194304","FTE,ProjEuler,KL,KLM",120339106
D,ProjEuler,fixed,HH,4194304,131072,0.0078125,0.0025321839808149595,0.00401717416827411,0.6121548650000932,128.0,0.0,20000,e2cec9b6ee760e24,"8,16,32,64,128,256","262144,1048576,4194304","FTE,ProjEuler,KL,KLM",120339106
D,ProjEuler,fixed,HH,262144,131072,0.00390625,0.0017810459390462019,0.002911553738755071,0.6130705269999908,256.0,0.0,20000,e2cec9b6ee760e24,"8,16,32,64,128,256","262144,1048576,4194304","FTE,ProjEuler,KL,KLM",120339106
D,ProjEuler,fixed,HH,1048576,131072,0.00390625,0.0018518959758583343,0.0030253826569861903,0.6130705269999908,256.0,0.0,20000,e2cec9b6ee760e24,"8,16,32,64,128,256","262144,1048576,4194304","FTE,ProjEuler,KL,KLM",120339106
D,ProjEuler,fixed,HH,4194304,131072,0.00390625,0.0019017607702181269,0.003114740046066522,0.6130705269999908,256.0,0.0,20000,e2cec9b6ee760e24,"8,16,32,64,128,256","262144,1048576,4194304","FTE,ProjEuler,KL,KLM",120339106
D,KL,adaptive-soft-zero,HH,262144,131072,0.125,0.007288809889618023,0.012524168560124548,3.093501483999944,12.1789,0.32874890178915994,20000,e2cec9b6ee760e24,"8,16,32,64,128,256","262144,1048576,4194304","FTE,ProjEuler,KL,KLM",120339106
D,KL,adaptive-soft-zero,HH,1048576,131072,0.125,0.007266471675434164,0.012494649903245763,3.093501483999944,12.1789,0.32874890178915994,20000,e2cec9b6ee760e24,"8,16,32,64,128,256","262144,1048576,4194304","FTE,ProjEuler,KL,KLM",120339106
D,KL,adaptive-soft-zero,HH,4194304,131072,0.125,0.00725041996533364,0.01247334457366637,3.093501483999944,12.1789,0.32874890178915994,20000,e2cec9b6ee760e24,"8,16,32,64,128,256","262144,1048576,4194304","FTE,ProjEuler,KL,KLM",120339106
D,KL,adaptive-soft-zero,HH,262144,131072,0.0625,0.005648928828460776,0.009980422939969228,2.116598877000115,22.3022,0.2835325662939082,20000,e2cec9b6ee760e24,"8,16,32,64,128,256","262144,1048576,4194304","FTE,ProjEuler,KL,KLM",120339106
D,KL,adaptive-soft-zero,HH,1048576,131072,0.0625,0.00562888051326625,0.009953200245587898,2.116598877000115,22.3022,0.2835325662939082,20000,e2cec9b6ee760e24,"8,16,32,64,128,256","262144,1048576,4194304","FTE,ProjEuler,KL,KLM",120339106
D,KL,adaptive-soft-zero,HH,4194304,131072,0.0625,0.005615884275270268,0.009935424843399602,2.116598877000115,22.3022,0.2835325662939082,20000,e2cec9b6ee760e24,"8,16,32,64,128,256","262144,1048576,4194304","FTE,ProjEuler,KL,KLM",120339106
D,KL,adaptive-soft-zero,HH,262144,131072,0.03125,0.004363117325647329,0.00784182213959996,2.144616272999997,41.65485,0.24016170986091656,20000,e2cec9b6ee760e24,"8,16,32,64,128,256","262144,1048576,4194304","FTE,ProjEuler,KL,KLM",120339106
D,KL,adaptive-soft-zero,HH,1048576,131072,0.03125,0.004351937389088102,0.007826773384694181,2.144616272999997,41.65485,0.24016170986091656,20000,e2cec9b6ee760e24,"8,16,32,64,128,256","262144,1048576,4194304","FTE,ProjEuler,KL,KLM",120339106
D,KL,adaptive-soft-zero,HH,4194304,131072,0.03125,0.0043448373570887456,0.007818758141976523,2.144616272999997,41.65485,0.24016170986091656,20000,e2cec9b6ee760e24,"8,16,32,64,128,256","262144,1048576,4194304","FTE,ProjEuler,KL,KLM",120339106
D,KL,adaptive-soft-zero,HH,262144,131072,0.015625,0.0033687871777352647,0.006211264775869302,2.1355672400000003,78.84245,0.1992429205332914,20000,e2cec9b6ee760e24,"8,16,32,64,128,256","262144,1048576,4194304","FTE,ProjEuler,KL,KLM",120339106
D,KL,adaptive-soft-zero,HH,1048576,131072,0.015625,0.003362481965319904,0.0062031268787173825,2.1355672400000003,78.84245,0.1992429205332914,20000,e2cec9b6ee760e24,"8,16,32,64,128,256","262144,1048576,4194304","FTE,ProjEuler,KL,KLM",120339106
D,KL,adaptive-soft-zero,HH,4194304,131072,0.015625,0.003359891448484079,0.006202901795030671,2.1355672400000003,78.84245,0.1992429205332914,20000,e2cec9b6ee760e24,"8,16,32,64,128,256","262144,1048576,4194304","FTE,ProjEuler,KL,KLM",120339106
D,KL,adaptive-soft-zero,HH,262144,131072,0.0078125,0.0026941720040731133,0.005064637139783299,2.2003397140000516,151.37285,0.1656621382235982,20000,e2cec9b6ee760e24,"8,16,32,64,128,256","262144,1048576,4194304","FTE,ProjEuler,KL,KLM",120339106
D,KL,adaptive-soft-zero,HH,1048576,131072,0.0078125,0.0026901876905753587,0.005064126732785562,2.2003397140000516,151.37285,0.1656621382235982,20000,e2cec9b6ee760e24,"8,16,32,64,128,256","262144,1048576,4194304","FTE,ProjEuler,KL,KLM",120339106
D,KL,adaptive-soft-zero,HH,4194304,131072,0.0078125,0.002686932164586262,0.005064047285166147,2.2003397140000516,151.37285,0.1656621382235982,20000,e2cec9b6ee760e24,"8,16,32,64,128,256","262144,1048576,4194304","FTE,ProjEuler,KL,KLM",120339106
D,KL,adaptive-soft-zero,HH,262144,131072,0.00390625,0.0021289746198551555,0.004087911662156796,2.2826630899999145,292.9551,0.13650726681324202,20000,e2cec9b6ee760e24,"8,16,32,64,128,256","262144,1048576,4194304","FTE,ProjEuler,KL,KLM",120339106
D,KL,adaptive-soft-zero,HH,1048576,131072,0.00390625,0.0021272962929335267,0.004088646645361546,2.2826630899999145,292.9551,0.13650726681324202,20000,e2cec9b6ee760e24,"8,16,32,64,128,256","262144,1048576,4194304","FTE,ProjEuler,KL,KLM",120339106
D,KL,adaptive-soft-zero,HH,4194304,131072,0.00390625,0.002127468074886287,0.004088413737021928,2.2826630899999145,292.9551,0.13650726681324202,20000,e2cec9b6ee760e24,"8,16,32,64,128,256","262144,1048576,4194304","FTE,ProjEuler,KL,KLM",120339106
D,KLM,adaptive-backstop,HH,262144,131072,0.125,0.0014251474044675286,0.00240570041352292,2.621850945999995,151.3437,0.34359375381994756,20000,e2cec9b6ee760e24,"8,16,32,64,128,256","262144,1048576,4194304","FTE,ProjEuler,KL,KLM",120339106
D,KLM,adaptive-backstop,HH,1048576,131072,0.125,0.0014899573932472033,0.002513658620952049,2.621850945999995,151.3437,0.34359375381994756,20000,e2cec9b6ee760e24,"8,16,32,64,128,256","262144,1048576,4194304","FTE,ProjEuler,KL,KLM",120339106
D,KLM,adaptive-backstop,HH,4194304,131072,0.125,0.0015360254020922713,0.002601839711997206,2.621850945999995,151.3437,0.34359375381994756,20000,e2cec9b6ee760e24,"8,16,32,64,128,256","262144,1048576,4194304","FTE,ProjEuler,KL,KLM",120339106
D,KLM,adaptive-backstop,HH,262144,131072,0.0625,0.0010423433529330036,0.001818797268756231,2.608961651999948,314.48695,0.358796923051974,20000,e2cec9b6ee760e24,"8,16,32,64,128,256","262144,1048576,4194304","FTE,ProjEuler,KL,KLM",120339106
D,KLM,adaptive-backstop,HH,1048576,131072,0.0625,0.0011108718984249892,0.0019315716153387522,2.608961651999948,314.48695,0.358796923051974,20000,e2cec9b6ee760e24,"8,16,32,64,128,256","262144,1048576,4194304","FTE,ProjEuler,KL,KLM",120339106
D,KLM,adaptive-backstop,HH,4194304,131072,0.0625,0.0011592343066648156,0.0020255884936276887,2.608961651999948,314.48695,0.358796923051974,20000,e2cec9b6ee760e24,"8,16,32,64,128,256","262144,1048576,4194304","FTE,ProjEuler,KL,KLM",120339106
D,KLM,adaptive-backstop,HH,262144,131072,0.03125,0.0007746714810890744,0.00138665578506538,2.8039011439999513,646.707,0.3810972356878772,20000,e2cec9b6ee760e24,"8,16,32,64,128,256","262144,1048576,4194304","FTE,ProjEuler,KL,KLM",120339106
D,KLM,adaptive-backstop,HH,1048576,131072,0.03125,0.0008452385244183377,0.001503994609349989,2.8039011439999513,646.707,0.3810972356878772,20000,e2cec9b6ee760e24,"8,16,32,64,128,256","262144,1048576,4194304","FTE,ProjEuler,KL,KLM",120339106
D,KLM,adaptive-backstop,HH,4194304,131072,0.03125,0.0008943332718451641,0.0016006502942586254,2.8039011439999513,646.707,0.3810972356878772,20000,e2cec9b6ee760e24,"8,16,32,64,128,256","262144,1048576,4194304","FTE,ProjEuler,KL,KLM",120339106
D,KLM,adaptive-backstop,HH,262144,131072,0.015625,0.0005566068815225316,0.0010553288175696863,3.1537342200001603,1322.4943,0.39986478580663826,20000,e2cec9b6ee760e24,"8,16,32,64,128,256","262144,1048576,4194304","FTE,ProjEuler,KL,KLM",120339106
D,KLM,adaptive-backstop,HH,1048576,131072,0.015625,0.0006247546869401872,0.0011697481381016692,3.1537342200001603,1322.4943,0.39986478580663826,20000,e2cec9b6ee760e24,"8,16,32,64,128,256","262144,1048576,4194304","FTE,ProjEuler,KL,KLM",120339106
D,KLM,adaptive-backstop,HH,4194304,131072,0.015625,0.0006736968402918852,0.0012647433779423148,3.1537342200001603,1322.4943,0.39986478580663826,20000,e2cec9b6ee760e24,"8,16,32,64,128,256","262144,1048576,4194304","FTE,ProjEuler,KL,KLM",120339106
D,KLM,adaptive-backstop,HH,262144,131072,0.0078125,0.00039855488106346613,0.0007898867510295663,3.8282576150000978,2693.61385,0.4124062363281953,20000,e2cec9b6ee760e24,"8,16,32,64,128,256","262144,1048576,4194304","FTE,ProjEuler,KL,KLM",120339106
D,KLM,adaptive-backstop,HH,1048576,131072,0.0078125,0.0004633639104463129,0.0009047333136630084,3.8282576150000978,2693.61385,0.4124062363281953,20000,e2cec9b6ee760e24,"8,16,32,64,128,256","262144,1048576,4194304","FTE,ProjEuler,KL,KLM",120339106
D,KLM,adaptive-backstop,HH,4194304,131072,0.0078125,0.0005108001731793936,0.0010052248461640662,3.8282576150000978,2693.61385,0.4124062363281953,20000,e2cec9b6ee760e24,"8,16,32,64,128,256","262144,1048576,4194304","FTE,ProjEuler,KL,KLM",120339106
D,KLM,adaptive-backstop,HH,262144,131072,0.00390625,0.00028022229897217,0.0005947945052037955,5.234291492999887,5483.22185,0.41957997741783876,20000,e2cec9b6ee760e24,"8,16,32,64,128,256","262144,1048576,4194304","FTE,ProjEuler,KL,KLM",120339106
D,KLM,adaptive-backstop,HH,1048576,131072,0.00390625,0.00034368113898244776,0.0007065633409906478,5.234291492999887,5483.22185,0.41957997741783876,20000,e2cec9b6ee760e24,"8,16,32,64,128,256","262144,1048576,4194304","FTE,ProjEuler,KL,KLM",120339106
D,KLM,adaptive-backstop,HH,4194304,131072,0.00390625,0.0003899377413812731,0.000807107965982532,5.234291492999887,5483.22185,0.41957997741783876,20000,e2cec9b6ee760e24,"8,16,32,64,128,256","262144,1048576,4194304","FTE,ProjEuler,KL,KLM",120339106
