sensitivity_kind,regime,scheme,scheme_variant,reference,reference_n_steps,dt,l1,l2,runtime_s,mean_steps_per_path,backstop_fraction
strong_error,A,FTE,fixed,HH,4096,0.125,0.0008654476673608327,0.0011087917303397514,0.2029362300000912,8.0,0.0
strong_error,A,FTE,fixed,HH,4096,0.0625,0.0004892508928670578,0.0006230516519299268,0.1540607890000274,16.0,0.0
strong_error,A,FTE,fixed,HH,4096,0.03125,0.00029788062604923805,0.000378894504614663,0.15673582599993097,32.0,0.0
strong_error,A,FTE,fixed,HH,4096,0.015625,0.0001975139354894966,0.00024832288941965537,0.16074453999999605,64.0,0.0
strong_error,A,FTE,fixed,HH,4096,0.0078125,0.0001327168556204168,0.0001675968301640949,0.16253567499995825,128.0,0.0
strong_error,A,FTE,fixed,HH,4096,0.00390625,9.030834151784115e-05,0.00011490686516332998,0.15978449099998215,256.0,0.0
strong_error,A,ProjEuler,fixed,HH,4096,0.125,0.0007027474153843489,0.0009086458780277819,0.10618745199997193,8.0,0.0
strong_error,A,ProjEuler,fixed,HH,4096,0.0625,0.00033285734265494884,0.0004329225722441449,0.09125984599995718,16.0,0.0
strong_error,A,ProjEuler,fixed,HH,4096,0.03125,0.00016036647681833476,0.00020693926226643834,0.09299525899996297,32.0,0.0
strong_error,A,ProjEuler,fixed,HH,4096,0.015625,7.759190990641158e-05,0.00010116230017725471,0.09384169100007966,64.0,0.0
strong_error,A,ProjEuler,fixed,HH,4096,0.0078125,3.8252959826656176e-05,4.9939113923388136e-05,0.09563013900003625,128.0,0.0
strong_error,A,ProjEuler,fixed,HH,4096,0.00390625,1.8842882593168008e-05,2.4242909684112603e-05,0.10137155799998254,256.0,0.0
strong_error,A,KL,uniform,HH,4096,0.125,0.0020861405996878656,0.002186349552758862,0.09306944299999032,8.0,0.0
strong_error,A,KL,uniform,HH,4096,0.0625,0.0010656887095051649,0.001116052278426261,0.08827789000008579,16.0,0.0
strong_error,A,KL,uniform,HH,4096,0.03125,0.0005358817305525696,0.0005595897675759897,0.0916561180000599,32.0,0.0
strong_error,A,KL,uniform,HH,4096,0.015625,0.0002697207323213272,0.00028171486377973065,0.0913665640000545,64.0,0.0
strong_error,A,KL,uniform,HH,4096,0.0078125,0.00013489981226104584,0.00014092253080200354,0.09287071599999308,128.0,0.0
strong_error,A,KL,uniform,HH,4096,0.00390625,6.841843052290897e-05,7.15254167433858e-05,0.09114292200001728,256.0,0.0
strong_error,A,KLM,adaptive-backstop,HH,4096,0.125,8.531623546835687e-05,0.00011088458612974351,0.88852664500007,59.4005,0.0
strong_error,A,KLM,adaptive-backstop,HH,4096,0.0625,4.3184709966708875e-05,5.5769820756162166e-05,0.3978854230000479,119.169,0.0
strong_error,A,KLM,adaptive-backstop,HH,4096,0.03125,2.0513725031110986e-05,2.6623565469971563e-05,0.4106290720000061,241.4305,0.0
strong_error,A,KLM,adaptive-backstop,HH,4096,0.015625,9.624251840208709e-06,1.2324399736196412e-05,0.4499641300000121,497.731,0.0
strong_error,A,KLM,adaptive-backstop,HH,4096,0.0078125,4.226566745113293e-06,5.389409033675836e-06,0.4654686959999026,1066.299,0.0
strong_error,A,KLM,adaptive-backstop,HH,4096,0.00390625,1.450185873210499e-06,1.891802297758716e-06,0.5450621830000273,2505.391,0.00013391123381540046
strong_error,A,FTE,fixed,HH,16384,0.125,0.0008657917878579298,0.001109210739458863,0.09141975099998945,8.0,0.0
strong_error,A,FTE,fixed,HH,16384,0.0625,0.0004895550185589567,0.0006234371418023596,0.09198027699994782,16.0,0.0
strong_error,A,FTE,fixed,HH,16384,0.03125,0.00029808158008946535,0.00037920178670687387,0.09317687600002955,32.0,0.0
strong_error,A,FTE,fixed,HH,16384,0.015625,0.00019766920590913534,0.00024853433267470844,0.17910711099989385,64.0,0.0
strong_error,A,FTE,fixed,HH,16384,0.0078125,0.00013283412451743946,0.00016776457555674917,0.09341287199993076,128.0,0.0
strong_error,A,FTE,fixed,HH,16384,0.00390625,9.041169631258997e-05,0.00011503177228127055,0.0991404290000446,256.0,0.0
strong_error,A,ProjEuler,fixed,HH,16384,0.125,0.0007032487179338966,0.0009093186743839296,0.09259700199993404,8.0,0.0
strong_error,A,ProjEuler,fixed,HH,16384,0.0625,0.00033336879331351087,0.0004336222308993297,0.0926952769999616,16.0,0.0
strong_error,A,ProjEuler,fixed,HH,16384,0.03125,0.0001608850865169433,0.00020764898868470228,0.09194899100009479,32.0,0.0
strong_error,A,ProjEuler,fixed,HH,16384,0.015625,7.810437354384536e-05,0.00010188644127888596,0.0899357629999713,64.0,0.0
strong_error,A,ProjEuler,fixed,HH,16384,0.0078125,3.879146676928397e-05,5.066468769080635e-05,0.0946907380000539,128.0,0.0
strong_error,A,ProjEuler,fixed,HH,16384,0.00390625,1.9370846857751817e-05,2.4982078222446833e-05,0.09242158800009292,256.0,0.0
strong_error,A,KL,uniform,HH,16384,0.125,0.002086101207110649,0.002186114663157163,0.08780742299995836,8.0,0.0
strong_error,A,KL,uniform,HH,16384,0.0625,0.0010656493169279486,0.0011158376970053089,0.08877692999999454,16.0,0.0
strong_error,A,KL,uniform,HH,16384,0.03125,0.0005358423379753532,0.0005593774695878159,0.08896267700004046,32.0,0.0
strong_error,A,KL,uniform,HH,16384,0.015625,0.0002696813397441107,0.00028150830293717115,0.09243256900003871,64.0,0.0
strong_error,A,KL,uniform,HH,16384,0.0078125,0.00013486041968382973,0.00014071644041510856,0.0897546980000925,128.0,0.0
strong_error,A,KL,uniform,HH,16384,0.00390625,6.837903794569149e-05,7.132258989657715e-05,0.09373586300000625,256.0,0.0
strong_error,A,KLM,adaptive-backstop,HH,16384,0.125,8.780170035462326e-05,0.00011513097562943804,0.6344061820000206,59.082,0.0
strong_error,A,KLM,adaptive-backstop,HH,16384,0.0625,4.4341677904096486e-05,5.809062720400843e-05,0.40288744099996165,117.884,0.0
strong_error,A,KLM,adaptive-backstop,HH,16384,0.03125,2.198543246265825e-05,2.8649893624705175e-05,0.40755900099998144,236.1195,0.0
strong_error,A,KLM,adaptive-backstop,HH,16384,0.015625,1.0568969797902975e-05,1.3658566341495951e-05,0.4354314129999466,475.2405,0.0
strong_error,A,KLM,adaptive-backstop,HH,16384,0.0078125,5.184135697601088e-06,6.721629851552396e-06,0.45674930100005895,964.4745,0.0
strong_error,A,KLM,adaptive-backstop,HH,16384,0.00390625,2.4492381697883946e-06,3.1356615035583985e-06,0.520246066000027,1990.302,0.0
strong_error,A,FTE,fixed,HH,32768,0.125,0.0008658592046548151,0.0011092885040343717,0.09190516299997853,8.0,0.0
strong_error,A,FTE,fixed,HH,32768,0.0625,0.0004896150114573867,0.0006235098759649749,0.09399619999999231,16.0,0.0
strong_error,A,FTE,fixed,HH,32768,0.03125,0.00029812027963017885,0.00037925874534001144,0.09397349899995788,32.0,0.0
strong_error,A,FTE,fixed,HH,32768,0.015625,0.00019769844883669923,0.0002485711300779985,0.09393729800001438,64.0,0.0
strong_error,A,FTE,fixed,HH,32768,0.0078125,0.000132858642897411,0.00016779340361660616,0.09207996500003901,128.0,0.0
strong_error,A,FTE,fixed,HH,32768,0.00390625,9.042786347871246e-05,0.00011505243617969251,0.09452727600000799,256.0,0.0
strong_error,A,ProjEuler,fixed,HH,32768,0.125,0.0007033362001614407,0.0009094396330928822,0.09458004500004336,8.0,0.0
strong_error,A,ProjEuler,fixed,HH,32768,0.0625,0.00033345965439841884,0.0004337471630716965,0.09621266399994965,16.0,0.0
strong_error,A,ProjEuler,fixed,HH,32768,0.03125,0.000160975318209088,0.00020777818640695377,0.09563863599998967,32.0,0.0
strong_error,A,ProjEuler,fixed,HH,32768,0.015625,7.818662352186614e-05,0.00010201137880942401,0.09430164100001548,64.0,0.0
strong_error,A,ProjEuler,fixed,HH,32768,0.0078125,3.8885084555901856e-05,5.07974282649524e-05,0.0946270539999432,128.0,0.0
strong_error,A,ProjEuler,fixed,HH,32768,0.00390625,1.9466586577516038e-05,2.5117107071045545e-05,0.10055557900000167,256.0,0.0
strong_error,A,KL,uniform,HH,32768,0.125,0.0020860858333347876,0.002186066364289425,0.09035627599996587,8.0,0.0
strong_error,A,KL,uniform,HH,32768,0.0625,0.001065633943152087,0.0011157928372098633,0.09475857999996151,16.0,0.0
strong_error,A,KL,uniform,HH,32768,0.03125,0.0005358269641994916,0.0005593339384021269,0.09254314999998314,32.0,0.0
strong_error,A,KL,uniform,HH,32768,0.015625,0.00026966596596824933,0.0002814635429959329,0.0875975510000444,64.0,0.0
strong_error,A,KL,uniform,HH,32768,0.0078125,0.0001348450459079682,0.00014067458075224808,0.09103061100006471,128.0,0.0
strong_error,A,KL,uniform,HH,32768,0.00390625,6.836366416983099e-05,7.128169721948833e-05,0.09242973299990354,256.0,0.0
strong_error,A,KLM,adaptive-backstop,HH,32768,0.125,8.763542495466584e-05,0.00011387264969004906,0.6956236670000635,59.0335,0.0
strong_error,A,KLM,adaptive-backstop,HH,32768,0.0625,4.404266518390389e-05,5.736988656911492e-05,0.39094704800004365,117.658,0.0
strong_error,A,KLM,adaptive-backstop,HH,32768,0.03125,2.1335452204111503e-05,2.793697399857275e-05,0.4086973980000721,235.264,0.0
strong_error,A,KLM,adaptive-backstop,HH,32768,0.015625,1.0964935967707729e-05,1.4361283842361463e-05,0.42164289799995913,471.7465,0.0
strong_error,A,KLM,adaptive-backstop,HH,32768,0.0078125,5.286704427859865e-06,6.903952527518527e-06,0.4519473540000263,950.0195,0.0
strong_error,A,KLM,adaptive-backstop,HH,32768,0.00390625,2.5977854719266056e-06,3.413678626846981e-06,0.5215526750000663,1928.548,0.0
strong_error,C,FTE,fixed,HH,4096,0.125,0.0048639940317300664,0.006939881179903633,0.09205931799999689,8.0,0.0
strong_error,C,FTE,fixed,HH,4096,0.0625,0.0034182726633679495,0.0049755682488958715,0.09137299999997595,16.0,0.0
strong_error,C,FTE,fixed,HH,4096,0.03125,0.00231717214144536,0.003317785097337531,0.09458773800008657,32.0,0.0
strong_error,C,FTE,fixed,HH,4096,0.015625,0.0016183996433304622,0.0022063600816669086,0.09350529300002108,64.0,0.0
strong_error,C,FTE,fixed,HH,4096,0.0078125,0.0011266141464084743,0.001553532494784229,0.0989859719999231,128.0,0.0
strong_error,C,FTE,fixed,HH,4096,0.00390625,0.0007906303873908793,0.0010816953666504432,0.09814566099998956,256.0,0.0
strong_error,C,ProjEuler,fixed,HH,4096,0.125,0.002196725552626562,0.0031847848203242542,0.09612758299999768,8.0,0.0
strong_error,C,ProjEuler,fixed,HH,4096,0.0625,0.0011230878604526287,0.0016582686924358355,0.09362945899999886,16.0,0.0
strong_error,C,ProjEuler,fixed,HH,4096,0.03125,0.0005840038834823818,0.0008845068470432967,0.0929689289999942,32.0,0.0
strong_error,C,ProjEuler,fixed,HH,4096,0.015625,0.0003125662179602651,0.0004862584643348219,0.09701460500002668,64.0,0.0
strong_error,C,ProjEuler,fixed,HH,4096,0.0078125,0.0001656835355737704,0.0002748061555479024,0.09498028799998792,128.0,0.0
strong_error,C,ProjEuler,fixed,HH,4096,0.00390625,8.823942333474186e-05,0.00015623757484380156,0.09397738099994513,256.0,0.0
strong_error,C,KL,uniform,HH,4096,0.125,0.002215626296145417,0.0030502767394252773,0.09176131799995346,8.0,0.0
strong_error,C,KL,uniform,HH,4096,0.0625,0.0011710272676707864,0.0016156074283860304,0.09214493299998594,16.0,0.0
strong_error,C,KL,uniform,HH,4096,0.03125,0.0006151734320967458,0.0008527764728066127,0.0942805419999786,32.0,0.0
strong_error,C,KL,uniform,HH,4096,0.015625,0.00031423257610799747,0.0004363087584210933,0.09044788900007461,64.0,0.0
strong_error,C,KL,uniform,HH,4096,0.0078125,0.00016368242914219371,0.00023245080243361216,0.09310772399999223,128.0,0.0
strong_error,C,KL,uniform,HH,4096,0.00390625,8.159830448966238e-05,0.00011657171856358197,0.08881646499992257,256.0,0.0
strong_error,C,KLM,adaptive-backstop,HH,4096,0.125,0.00018874403109029082,0.000300972091125243,0.40378115400005754,89.466,0.06454407260858874
strong_error,C,KLM,adaptive-backstop,HH,4096,0.0625,9.346282433220262e-05,0.00014229039229411144,0.41746264199991856,180.86,0.0597838106822957
strong_error,C,KLM,adaptive-backstop,HH,4096,0.03125,4.684180996953389e-05,7.304968671302429e-05,0.43307160699998803,372.3045,0.05564531183480189
strong_error,C,KLM,adaptive-backstop,HH,4096,0.015625,2.1234682928715742e-05,3.170202898031199e-05,0.47668413999997483,796.684,0.0506813240883462
strong_error,C,KLM,adaptive-backstop,HH,4096,0.0078125,1.2665424546826163e-05,2.017486520752529e-05,0.5322563649999665,1596.217,0.09724868235333918
strong_error,C,KLM,adaptive-backstop,HH,4096,0.00390625,9.145506597081279e-06,1.8418662945179505e-05,0.5556050390000564,2944.1255,0.19995801809399769
strong_error,C,FTE,fixed,HH,16384,0.125,0.004863372692723254,0.006938621432387877,0.09157861500000308,8.0,0.0
strong_error,C,FTE,fixed,HH,16384,0.0625,0.003417766399558536,0.004974587171421032,0.0936637749999818,16.0,0.0
strong_error,C,FTE,fixed,HH,16384,0.03125,0.0023168135560981246,0.0033173377823411555,0.09494664599992575,32.0,0.0
strong_error,C,FTE,fixed,HH,16384,0.015625,0.0016184298190330241,0.0022063737736601665,0.09437702100001388,64.0,0.0
strong_error,C,FTE,fixed,HH,16384,0.0078125,0.0011264125424945651,0.001553030059069477,0.09452592599996024,128.0,0.0
strong_error,C,FTE,fixed,HH,16384,0.00390625,0.0007899258495866001,0.0010807747913868433,0.09642617399993014,256.0,0.0
strong_error,C,ProjEuler,fixed,HH,16384,0.125,0.002198475427700747,0.0031882284147734053,0.09673027400003775,8.0,0.0
strong_error,C,ProjEuler,fixed,HH,16384,0.0625,0.00112494037142434,0.0016618262337480434,0.094004502999951,16.0,0.0
strong_error,C,ProjEuler,fixed,HH,16384,0.03125,0.0005856562329893943,0.0008873720433165197,0.09362655300003553,32.0,0.0
strong_error,C,ProjEuler,fixed,HH,16384,0.015625,0.00031465594814379004,0.0004893740637035513,0.09341498000003412,64.0,0.0
strong_error,C,ProjEuler,fixed,HH,16384,0.0078125,0.0001677142679467164,0.00027863391821555695,0.09369120400003794,128.0,0.0
strong_error,C,ProjEuler,fixed,HH,16384,0.00390625,9.028763714366847e-05,0.00016082960189065304,0.09455988299998808,256.0,0.0
strong_error,C,KL,uniform,HH,16384,0.125,0.002214832918138227,0.003047345800266767,0.09343475100001797,8.0,0.0
strong_error,C,KL,uniform,HH,16384,0.0625,0.0011702085972656138,0.0016126046131756814,0.0913263160000497,16.0,0.0
strong_error,C,KL,uniform,HH,16384,0.03125,0.0006141994931817119,0.0008491562992702673,0.09142997100002503,32.0,0.0
strong_error,C,KL,uniform,HH,16384,0.015625,0.000313412873280185,0.0004325732790519704,0.08828320400004941,64.0,0.0
strong_error,C,KL,uniform,HH,16384,0.0078125,0.00016299698853482208,0.00022961890509592432,0.09412973300004523,128.0,0.0
strong_error,C,KL,uniform,HH,16384,0.00390625,8.107765721516849e-05,0.00011453131550302623,0.0924324060000572,256.0,0.0
strong_error,C,KLM,adaptive-backstop,HH,16384,0.125,0.00019330957886555566,0.00028645761413734373,0.40316569700007676,88.5115,0.06498025680278834
strong_error,C,KLM,adaptive-backstop,HH,16384,0.0625,9.614724199407438e-05,0.00014908546298539527,0.4074138449999509,176.8975,0.06062832996509278
strong_error,C,KLM,adaptive-backstop,HH,16384,0.03125,4.8559720355904545e-05,7.69286423689018e-05,0.465477782999983,355.5895,0.05817803956528525
strong_error,C,KLM,adaptive-backstop,HH,16384,0.015625,2.3822867612444677e-05,3.63636948125258e-05,0.4698424870000508,721.0905,0.05600337266958863
strong_error,C,KLM,adaptive-backstop,HH,16384,0.0078125,1.1932925738623903e-05,1.8831022002537318e-05,0.5603825749999487,1487.7395,0.05360582279357374
strong_error,C,KLM,adaptive-backstop,HH,16384,0.00390625,5.7537989276897735e-06,8.726298234840418e-06,0.7574178699999266,3191.913,0.049575286043197296
strong_error,C,FTE,fixed,HH,32768,0.125,0.0048632708107112215,0.006938461596419282,0.09613475800006199,8.0,0.0
strong_error,C,FTE,fixed,HH,32768,0.0625,0.0034176748366241015,0.004974411150678442,0.09588572999996359,16.0,0.0
strong_error,C,FTE,fixed,HH,32768,0.03125,0.0023167879921704945,0.003317181588552783,0.09728120600004786,32.0,0.0
strong_error,C,FTE,fixed,HH,32768,0.015625,0.001618268336753461,0.002206189594584856,0.09610896499998489,64.0,0.0
strong_error,C,FTE,fixed,HH,32768,0.0078125,0.0011263649957713464,0.0015529695518317647,0.21616422399995372,128.0,0.0
strong_error,C,FTE,fixed,HH,32768,0.00390625,0.000789893959255309,0.0010807187007712275,0.10304036599995925,256.0,0.0
strong_error,C,ProjEuler,fixed,HH,32768,0.125,0.0021986647438907545,0.003188712240093969,0.09926125600009073,8.0,0.0
strong_error,C,ProjEuler,fixed,HH,32768,0.0625,0.0011252143805812965,0.001662362642500352,0.09803852500010635,16.0,0.0
strong_error,C,ProjEuler,fixed,HH,32768,0.03125,0.0005859897216206883,0.0008879224831935243,0.09585083899992242,32.0,0.0
strong_error,C,ProjEuler,fixed,HH,32768,0.015625,0.00031505410700565363,0.0004900056239795756,0.09575982800004113,64.0,0.0
strong_error,C,ProjEuler,fixed,HH,32768,0.0078125,0.0001681971022356707,0.0002795345599288631,0.0991516799999772,128.0,0.0
strong_error,C,ProjEuler,fixed,HH,32768,0.00390625,9.070239407432046e-05,0.0001617400319792368,0.10161006200007705,256.0,0.0
strong_error,C,KL,uniform,HH,32768,0.125,0.002214620185944071,0.003046737717169027,0.09536171399997784,8.0,0.0
strong_error,C,KL,uniform,HH,32768,0.0625,0.0011700110372203272,0.0016119792050372575,0.09113010900000518,16.0,0.0
strong_error,C,KL,uniform,HH,32768,0.03125,0.0006140404289472991,0.000848526418312401,0.09513552700002492,32.0,0.0
strong_error,C,KL,uniform,HH,32768,0.015625,0.0003133070965027434,0.00043200281737454615,0.09597721199997977,64.0,0.0
strong_error,C,KL,uniform,HH,32768,0.0078125,0.0001629270154263389,0.00022934716068968844,0.09768108200000825,128.0,0.0
strong_error,C,KL,uniform,HH,32768,0.00390625,8.11003707356611e-05,0.00011440935036202094,0.09588398000005327,256.0,0.0
strong_error,C,KLM,adaptive-backstop,HH,32768,0.125,0.0001929958124705457,0.0002899699813595176,0.4097868679999692,88.3355,0.064611622733782
strong_error,C,KLM,adaptive-backstop,HH,32768,0.0625,9.501700645302975e-05,0.0001442596614748394,0.42442518500001825,176.224,0.06057063737061921
strong_error,C,KLM,adaptive-backstop,HH,32768,0.03125,4.8070066483114965e-05,7.442605364917853e-05,0.4447420470000907,352.939,0.058361359895052686
strong_error,C,KLM,adaptive-backstop,HH,32768,0.015625,2.39608199012621e-05,3.630608118708559e-05,0.47642679700004464,710.339,0.05687636466532177
strong_error,C,KLM,adaptive-backstop,HH,32768,0.0078125,1.1939368058661443e-05,1.8382610521111603e-05,0.5643977099999802,1441.451,0.055339029908057925
strong_error,C,KLM,adaptive-backstop,HH,32768,0.00390625,5.803961492788438e-06,8.708051970762916e-06,0.7358928959999957,2975.564,0.05320789604928679
strong_error,D,FTE,fixed,HH,4096,0.125,0.012260089138848965,0.020813122157539485,0.09499974699997438,8.0,0.0
strong_error,D,FTE,fixed,HH,4096,0.0625,0.009766307217281705,0.016666257158273072,0.09543040599999131,16.0,0.0
strong_error,D,FTE,fixed,HH,4096,0.03125,0.007496360245060067,0.012950810010317561,0.09529006700006448,32.0,0.0
strong_error,D,FTE,fixed,HH,4096,0.015625,0.005964533875578578,0.010749373641505338,0.09556758299993362,64.0,0.0
strong_error,D,FTE,fixed,HH,4096,0.0078125,0.004647519115451758,0.008501854609862282,0.0969290399999636,128.0,0.0
strong_error,D,FTE,fixed,HH,4096,0.00390625,0.00349910414646598,0.006053490669495019,0.09912226300002658,256.0,0.0
strong_error,D,ProjEuler,fixed,HH,4096,0.125,0.009686855350593184,0.012832388985751158,0.09481520500003171,8.0,0.0
strong_error,D,ProjEuler,fixed,HH,4096,0.0625,0.00614085620346242,0.008433837663326864,0.0959959130000243,16.0,0.0
strong_error,D,ProjEuler,fixed,HH,4096,0.03125,0.003961520611546771,0.0057236567002525995,0.09381643400001849,32.0,0.0
strong_error,D,ProjEuler,fixed,HH,4096,0.015625,0.0026618627776401277,0.004024535524917269,0.09384332900003756,64.0,0.0
strong_error,D,ProjEuler,fixed,HH,4096,0.0078125,0.0017573404151122287,0.002780425405025099,0.09358078800005387,128.0,0.0
strong_error,D,ProjEuler,fixed,HH,4096,0.00390625,0.0011813063203066913,0.0019234774281122315,0.09499717200003488,256.0,0.0
strong_error,D,KL,adaptive-soft-zero,HH,4096,0.125,0.007515232756036618,0.01307136470038219,0.4492093939999222,12.2195,0.3311101108883342
strong_error,D,KL,adaptive-soft-zero,HH,4096,0.0625,0.005541070907182722,0.009697530744088871,0.3520377610000196,22.3185,0.28384524049555304
strong_error,D,KL,adaptive-soft-zero,HH,4096,0.03125,0.004335781091815033,0.008078433131425783,0.3444048679999696,41.446,0.23674178449066255
strong_error,D,KL,adaptive-soft-zero,HH,4096,0.015625,0.0033709699264868527,0.005991469873991578,0.37553225499993914,78.6585,0.198694355981871
strong_error,D,KL,adaptive-soft-zero,HH,4096,0.0078125,0.002648955378111749,0.0048014014757129285,0.3581288279999626,150.825,0.16453174208519808
strong_error,D,KL,adaptive-soft-zero,HH,4096,0.00390625,0.0020310674723866802,0.0038201177733502662,0.35459356299998035,290.4225,0.13117785295560777
strong_error,D,KLM,adaptive-backstop,HH,4096,0.125,0.0009497650200174896,0.0016208052101739218,0.4466219880000608,154.5715,0.34304512798284287
strong_error,D,KLM,adaptive-backstop,HH,4096,0.0625,0.0005758184115635608,0.0009709286714613155,0.445348906999925,325.7135,0.3536773882568576
strong_error,D,KLM,adaptive-backstop,HH,4096,0.03125,0.0002995526966637112,0.0005243108041809687,0.4862003310000773,689.7095,0.366072962602371
strong_error,D,KLM,adaptive-backstop,HH,4096,0.015625,0.0001711157346581623,0.00024951156721321726,0.55293333599991,1491.7425,0.36081964548171014
strong_error,D,KLM,adaptive-backstop,HH,4096,0.0078125,0.00016993254990068434,0.0002559854713902191,0.5574664230000508,2225.2,0.41452363832464495
strong_error,D,KLM,adaptive-backstop,HH,4096,0.00390625,0.00017001718614090356,0.0002595565146497958,0.5676276309999366,3148.9185,0.4844893572189944
strong_error,D,FTE,fixed,HH,16384,0.125,0.0122202976356833,0.020729726644416482,0.09579809599995315,8.0,0.0
strong_error,D,FTE,fixed,HH,16384,0.0625,0.009745982441523936,0.01657783801392447,0.09743956299996626,16.0,0.0
strong_error,D,FTE,fixed,HH,16384,0.03125,0.007466652781659001,0.012873482670897872,0.09261747100003959,32.0,0.0
strong_error,D,FTE,fixed,HH,16384,0.015625,0.005947938592914275,0.010680567523632967,0.09326169399992068,64.0,0.0
strong_error,D,FTE,fixed,HH,16384,0.0078125,0.004646860982292413,0.008447552304536126,0.09333773299999848,128.0,0.0
strong_error,D,FTE,fixed,HH,16384,0.00390625,0.003502279603199157,0.006003816994795971,0.09455418599998211,256.0,0.0
strong_error,D,ProjEuler,fixed,HH,16384,0.125,0.009979281100543514,0.013224833592666626,0.09219179399997302,8.0,0.0
strong_error,D,ProjEuler,fixed,HH,16384,0.0625,0.006423717046105829,0.008841776912626368,0.09225930500008417,16.0,0.0
strong_error,D,ProjEuler,fixed,HH,16384,0.03125,0.00425529445421549,0.006147423454666782,0.09538015800001176,32.0,0.0
strong_error,D,ProjEuler,fixed,HH,16384,0.015625,0.0029354264122103528,0.004436583066126104,0.09991068700003325,64.0,0.0
strong_error,D,ProjEuler,fixed,HH,16384,0.0078125,0.0020346322834648377,0.0031873963168398854,0.09843072499995742,128.0,0.0
strong_error,D,ProjEuler,fixed,HH,16384,0.00390625,0.001420997378877638,0.0023104595129022055,0.09751398200000949,256.0,0.0
strong_error,D,KL,adaptive-soft-zero,HH,16384,0.125,0.007422181274126226,0.012941581679546857,0.34981851899999583,12.2205,0.33038746368806515
strong_error,D,KL,adaptive-soft-zero,HH,16384,0.0625,0.005456311654342365,0.009325365389270975,0.34922937199996795,22.336,0.284809276504298
strong_error,D,KL,adaptive-soft-zero,HH,16384,0.03125,0.004326345730248849,0.007804289388440464,0.35083128700000543,41.572,0.23867025882805734
strong_error,D,KL,adaptive-soft-zero,HH,16384,0.015625,0.003232929235913334,0.005872282173427454,0.3515559840000151,78.8775,0.2000253557731926
strong_error,D,KL,adaptive-soft-zero,HH,16384,0.0078125,0.0026206617398017553,0.005068303299074169,0.359153794000008,151.2775,0.1656855778288245
strong_error,D,KL,adaptive-soft-zero,HH,16384,0.00390625,0.0021034380484506645,0.004109059419704592,0.3715753639999093,292.6825,0.1365216574274171
strong_error,D,KLM,adaptive-backstop,HH,16384,0.125,0.0011187054571934502,0.0018601989516074638,0.45450835899998765,152.6055,0.3450727529479606
strong_error,D,KLM,adaptive-backstop,HH,16384,0.0625,0.0007649092773708656,0.0013079519177497667,0.4701356790000091,317.9035,0.3596122722775937
strong_error,D,KLM,adaptive-backstop,HH,16384,0.03125,0.0004907885016744399,0.0008575938077682717,0.49311908499998935,658.2445,0.3797289608952297
strong_error,D,KLM,adaptive-backstop,HH,16384,0.015625,0.0003259572549905496,0.0005774063771550622,0.5506776260000379,1362.699,0.39342363940973024
strong_error,D,KLM,adaptive-backstop,HH,16384,0.0078125,0.0001737571980880308,0.0003205878345855415,0.6548081380000212,2845.887,0.39500180435835996
strong_error,D,KLM,adaptive-backstop,HH,16384,0.00390625,0.0001069935335074013,0.00017963945211429597,0.891852847999985,6102.288,0.38063018330173864
strong_error,D,FTE,fixed,HH,32768,0.125,0.012194676535804359,0.020687999584859746,0.09858598800008167,8.0,0.0
strong_error,D,FTE,fixed,HH,32768,0.0625,0.00973369565666889,0.016548862158104197,0.09670205499992335,16.0,0.0
strong_error,D,FTE,fixed,HH,32768,0.03125,0.007475407319755566,0.012863495993839033,0.09756050300006791,32.0,0.0
strong_error,D,FTE,fixed,HH,32768,0.015625,0.005947929323123995,0.010658154346331094,0.09815800299998045,64.0,0.0
strong_error,D,FTE,fixed,HH,32768,0.0078125,0.004655344001957976,0.008442678456706145,0.09679863299993485,128.0,0.0
strong_error,D,FTE,fixed,HH,32768,0.00390625,0.003502999453773417,0.00599488748817055,0.09812945900000614,256.0,0.0
strong_error,D,ProjEuler,fixed,HH,32768,0.125,0.010078969336427358,0.013363040619098827,0.09731033499997466,8.0,0.0
strong_error,D,ProjEuler,fixed,HH,32768,0.0625,0.006523379589570682,0.008987307878380394,0.09568669699990551,16.0,0.0
strong_error,D,ProjEuler,fixed,HH,32768,0.03125,0.004357844916404714,0.006301861145972574,0.09908347600003253,32.0,0.0
strong_error,D,ProjEuler,fixed,HH,32768,0.015625,0.003030042128568286,0.0045873132410270846,0.09715422599992962,64.0,0.0
strong_error,D,ProjEuler,fixed,HH,32768,0.0078125,0.0021343971955860457,0.0033435504274964044,0.09980246899999656,128.0,0.0
strong_error,D,ProjEuler,fixed,HH,32768,0.00390625,0.001513044730768131,0.0024694023073568274,0.09982697599991752,256.0,0.0
strong_error,D,KL,adaptive-soft-zero,HH,32768,0.125,0.0073964974175908344,0.012783988057257984,0.36126051099995493,12.234,0.3314124570868073
strong_error,D,KL,adaptive-soft-zero,HH,32768,0.0625,0.005365338278139264,0.009106160738310285,0.35305918899996414,22.268,0.282288485719418
strong_error,D,KL,adaptive-soft-zero,HH,32768,0.03125,0.004184670154184316,0.007427121839701514,0.35221659199999067,41.617,0.23966167671864863
strong_error,D,KL,adaptive-soft-zero,HH,32768,0.015625,0.0033583203468126144,0.0062405731788266255,0.3510582330000034,78.9995,0.20115317185551806
strong_error,D,KL,adaptive-soft-zero,HH,32768,0.0078125,0.002708710636437168,0.005148418567756309,0.3554467779999868,151.61,0.1674592704966691
strong_error,D,KL,adaptive-soft-zero,HH,32768,0.00390625,0.0020082495396305682,0.003792313516980262,0.36096219199998814,292.825,0.13637155297532655
strong_error,D,KLM,adaptive-backstop,HH,32768,0.125,0.001246599190128257,0.00206293758499961,0.45116091700003835,152.2125,0.34499137718649914
strong_error,D,KLM,adaptive-backstop,HH,32768,0.0625,0.0008322639558226271,0.0014427980214076696,0.4733779150000146,316.5725,0.3598970220091764
strong_error,D,KLM,adaptive-backstop,HH,32768,0.03125,0.0005668613278466706,0.0010049850987059739,0.4920291809999071,653.2375,0.38133221071968465
strong_error,D,KLM,adaptive-backstop,HH,32768,0.015625,0.00039005381902272113,0.0007201773333784723,0.5568963079999776,1342.354,0.39892047850269
strong_error,D,KLM,adaptive-backstop,HH,32768,0.0078125,0.0002407301984876606,0.00043229995927951913,0.6388237329999811,2764.04,0.40669020708817527
strong_error,D,KLM,adaptive-backstop,HH,32768,0.00390625,0.00013557392930573948,0.0002657835590569212,0.8493050240000457,5747.9315,0.4040545716315513
strong_error,E,FTE,fixed,HH,4096,0.125,0.025034469257971557,0.05146216027097484,0.09672696500001621,8.0,0.0
strong_error,E,FTE,fixed,HH,4096,0.0625,0.02151880360897286,0.045129008088174626,0.09741558100006387,16.0,0.0
strong_error,E,FTE,fixed,HH,4096,0.03125,0.01908980840092999,0.042375004063545725,0.09710903100005908,32.0,0.0
strong_error,E,FTE,fixed,HH,4096,0.015625,0.01719841377920583,0.03774660954937293,0.09960260900004414,64.0,0.0
strong_error,E,FTE,fixed,HH,4096,0.0078125,0.014838968039080587,0.033348475084237605,0.0983439910000925,128.0,0.0
strong_error,E,FTE,fixed,HH,4096,0.00390625,0.011784409258695581,0.02488578691620479,0.0971211390000235,256.0,0.0
strong_error,E,ProjEuler,fixed,HH,4096,0.125,0.031288141621822474,0.04250617889930136,0.09663131699994665,8.0,0.0
strong_error,E,ProjEuler,fixed,HH,4096,0.0625,0.02076776451773048,0.030829234782342077,0.09604279899997437,16.0,0.0
strong_error,E,ProjEuler,fixed,HH,4096,0.03125,0.013999383279019366,0.02221840991776852,0.09824713400007568,32.0,0.0
strong_error,E,ProjEuler,fixed,HH,4096,0.015625,0.009721899975079171,0.01651764206506237,0.09717018099991037,64.0,0.0
strong_error,E,ProjEuler,fixed,HH,4096,0.0078125,0.006553880671043116,0.011988342018434585,0.09633833200007302,128.0,0.0
strong_error,E,ProjEuler,fixed,HH,4096,0.00390625,0.0042333530751756015,0.008155687657420772,0.09884595999994872,256.0,0.0
strong_error,E,KL,adaptive-soft-zero,HH,4096,0.125,0.01857101410417814,0.041504546448499845,0.510416030999977,26.831,0.463232827699303
strong_error,E,KL,adaptive-soft-zero,HH,4096,0.0625,0.016915161407511082,0.03537624718031237,0.3903154539999605,50.3565,0.45968246403145574
strong_error,E,KL,adaptive-soft-zero,HH,4096,0.03125,0.014716765184047268,0.0332228092613879,0.35576022999998713,92.295,0.44185492171840296
strong_error,E,KL,adaptive-soft-zero,HH,4096,0.015625,0.012943772490323488,0.03054274086078236,0.3677985400000807,172.296,0.4289014254538701
strong_error,E,KL,adaptive-soft-zero,HH,4096,0.0078125,0.0124640892416138,0.03061101958199719,0.3744374230000176,324.8585,0.4127181526726252
strong_error,E,KL,adaptive-soft-zero,HH,4096,0.00390625,0.011256046274851456,0.025909599483621787,0.39648697400002675,630.243,0.3983653923962662
strong_error,E,KLM,adaptive-backstop,HH,4096,0.125,0.004463861461405302,0.009692896455897316,0.46146452699997553,177.4835,0.30920339073773057
strong_error,E,KLM,adaptive-backstop,HH,4096,0.0625,0.002263250346015527,0.004686545114132198,0.47245152799996504,401.5605,0.47839117642297985
strong_error,E,KLM,adaptive-backstop,HH,4096,0.03125,0.001510786480707583,0.005332003801881043,0.5090847929999427,883.9225,0.49534942260209464
strong_error,E,KLM,adaptive-backstop,HH,4096,0.015625,0.001627414390208296,0.003849224959584808,0.5635972000000038,1942.1565,0.5070296858157414
strong_error,E,KLM,adaptive-backstop,HH,4096,0.0078125,0.0016585210594328536,0.004057156862029874,0.5798305270000128,2570.3015,0.575619241555903
strong_error,E,KLM,adaptive-backstop,HH,4096,0.00390625,0.0016727401244537767,0.004119269407885502,0.5823293990000593,3242.677,0.6369374748086226
strong_error,E,FTE,fixed,HH,16384,0.125,0.024227471847252054,0.0501680737153521,0.09869982300006086,8.0,0.0
strong_error,E,FTE,fixed,HH,16384,0.0625,0.02054422787089683,0.04364897321249672,0.09622591900006228,16.0,0.0
strong_error,E,FTE,fixed,HH,16384,0.03125,0.018449157500778288,0.04128852094790779,0.0980102739999893,32.0,0.0
strong_error,E,FTE,fixed,HH,16384,0.015625,0.016581165818884174,0.03660762079335975,0.09877819200005433,64.0,0.0
strong_error,E,FTE,fixed,HH,16384,0.0078125,0.013956167414276702,0.03173614788358723,0.09969504100001814,128.0,0.0
strong_error,E,FTE,fixed,HH,16384,0.00390625,0.011255395430527884,0.024227201950064666,0.09810314999992897,256.0,0.0
strong_error,E,ProjEuler,fixed,HH,16384,0.125,0.03319180823911922,0.04584484750184243,0.09664407399998254,8.0,0.0
strong_error,E,ProjEuler,fixed,HH,16384,0.0625,0.022659411988243523,0.03433452708556502,0.10005992800006425,16.0,0.0
strong_error,E,ProjEuler,fixed,HH,16384,0.03125,0.015866818518757365,0.025786063622442693,0.10111623900002087,32.0,0.0
strong_error,E,ProjEuler,fixed,HH,16384,0.015625,0.011632119458082244,0.02035585201235357,0.09962724499996511,64.0,0.0
strong_error,E,ProjEuler,fixed,HH,16384,0.0078125,0.008366150020417877,0.015917369208339006,0.09999466399995072,128.0,0.0
strong_error,E,ProjEuler,fixed,HH,16384,0.00390625,0.0058895966208866,0.012170553071573002,0.09912023900005806,256.0,0.0
strong_error,E,KL,adaptive-soft-zero,HH,16384,0.125,0.017991344995922885,0.03926861137746143,0.36827611100000013,26.605,0.46090960345799664
strong_error,E,KL,adaptive-soft-zero,HH,16384,0.0625,0.015074016525192592,0.031825005917923865,0.36402305899991916,49.9625,0.4579134350763072
strong_error,E,KL,adaptive-soft-zero,HH,16384,0.03125,0.013819136767689248,0.03127465815385005,0.37314414800005125,92.736,0.4454580745341615
strong_error,E,KL,adaptive-soft-zero,HH,16384,0.015625,0.012891338323403435,0.031390570069006425,0.3785338639999054,172.983,0.42954509980749556
strong_error,E,KL,adaptive-soft-zero,HH,16384,0.0078125,0.010843888914136283,0.02640050897756064,0.3868061560000342,327.6735,0.416776150649961
strong_error,E,KL,adaptive-soft-zero,HH,16384,0.00390625,0.010418121276976002,0.026511478909566302,0.3997410869999385,621.1145,0.40198546322779455
strong_error,E,KLM,adaptive-backstop,HH,16384,0.125,0.005214555845643524,0.011268160402541534,0.46215475299993614,174.548,0.3106939065471962
strong_error,E,KLM,adaptive-backstop,HH,16384,0.0625,0.003307319065576386,0.008210915359199027,0.47558303099992827,391.439,0.48112860496782384
strong_error,E,KLM,adaptive-backstop,HH,16384,0.03125,0.002201395460894461,0.005695028606833362,0.4955677550000246,846.824,0.509433483226739
strong_error,E,KLM,adaptive-backstop,HH,16384,0.015625,0.001512477804187962,0.004665127220199879,0.5690940069999897,1801.37,0.5409402288258381
strong_error,E,KLM,adaptive-backstop,HH,16384,0.0078125,0.0008658253897883013,0.0031933308750944447,0.6442696269999715,3838.3515,0.562207108963314
strong_error,E,KLM,adaptive-backstop,HH,16384,0.00390625,0.0013331578204982533,0.005683325724923879,0.8805461900000182,8252.0455,0.5617668370829996
strong_error,E,FTE,fixed,HH,32768,0.125,0.023808225803616228,0.04931388204967692,0.0981789380000464,8.0,0.0
strong_error,E,FTE,fixed,HH,32768,0.0625,0.02028872878984569,0.04327389027765411,0.09609745499994915,16.0,0.0
strong_error,E,FTE,fixed,HH,32768,0.03125,0.018270475553311735,0.04101765659586251,0.09727773199995227,32.0,0.0
strong_error,E,FTE,fixed,HH,32768,0.015625,0.016444316401010774,0.03654226437670757,0.09580808600003365,64.0,0.0
strong_error,E,FTE,fixed,HH,32768,0.0078125,0.01384096537968183,0.031461272681082134,0.09540733599999385,128.0,0.0
strong_error,E,FTE,fixed,HH,32768,0.00390625,0.011179813121201079,0.02432364995609052,0.10039002200005598,256.0,0.0
strong_error,E,ProjEuler,fixed,HH,32768,0.125,0.03397079038308542,0.04768952327764282,0.09878552899999704,8.0,0.0
strong_error,E,ProjEuler,fixed,HH,32768,0.0625,0.02344763439641652,0.03617664156069265,0.0970203509999692,16.0,0.0
strong_error,E,ProjEuler,fixed,HH,32768,0.03125,0.016629467894757975,0.027699177226635785,0.09684615199989821,32.0,0.0
strong_error,E,ProjEuler,fixed,HH,32768,0.015625,0.012426494448810547,0.02246742776566787,0.09697147700001096,64.0,0.0
strong_error,E,ProjEuler,fixed,HH,32768,0.0078125,0.009155224265620102,0.018171857767647757,0.10082257900000968,128.0,0.0
strong_error,E,ProjEuler,fixed,HH,32768,0.00390625,0.006624375865866877,0.014670376366878509,0.10052533400005359,256.0,0.0
strong_error,E,KL,adaptive-soft-zero,HH,32768,0.125,0.01793366224346159,0.03892995564123081,0.35578489900001387,26.6975,0.461822268002622
strong_error,E,KL,adaptive-soft-zero,HH,32768,0.0625,0.014149992218037004,0.030718116292730774,0.35492279100003543,49.8545,0.4569898404356678
strong_error,E,KL,adaptive-soft-zero,HH,32768,0.03125,0.013386092252658592,0.030054786450156128,0.358641943000066,92.8425,0.4453509976573229
strong_error,E,KL,adaptive-soft-zero,HH,32768,0.015625,0.012539190866005617,0.02926206597781324,0.36091356399992947,173.254,0.42939845544691607
strong_error,E,KL,adaptive-soft-zero,HH,32768,0.0078125,0.01070377660764347,0.025767587609509028,0.3717657720000034,327.4455,0.4164555628341205
strong_error,E,KL,adaptive-soft-zero,HH,32768,0.00390625,0.009809400940466144,0.02498474809394563,0.3898743510000031,619.6475,0.40180021705889235
strong_error,E,KLM,adaptive-backstop,HH,32768,0.125,0.005537841074516964,0.012994324215024097,0.4515185550000069,173.827,0.30983679175271966
strong_error,E,KLM,adaptive-backstop,HH,32768,0.0625,0.004026430313920082,0.010931327293881663,0.4628009440000369,390.4295,0.4819512869801078
strong_error,E,KLM,adaptive-backstop,HH,32768,0.03125,0.002842100129751218,0.00891941758098032,0.4907258040000215,839.9225,0.5118728215996119
strong_error,E,KLM,adaptive-backstop,HH,32768,0.015625,0.0019731423930104673,0.0069455449037625575,0.5379339890000665,1777.5035,0.5458526523295172
strong_error,E,KLM,adaptive-backstop,HH,32768,0.0078125,0.0014998350060032345,0.006765197760401598,0.638979733000042,3749.608,0.5746519369491424
strong_error,E,KLM,adaptive-backstop,HH,32768,0.00390625,0.0007136809368800386,0.003378372268926071,0.8673839330000419,7899.408,0.5867819461914108
