kappa,a,sigma,level,hmax,reference_power,reference_step,number_of_fine_steps,n_paths,rmse,backstop_fraction,mean_steps_per_path,runtime_s
2.0,0.0,0.0,4,0.0625,14,6.103515625e-05,16384,1000,0.00011613330782047489,0.0,85.0,0.8074646999593824
2.0,0.0,0.0,5,0.03125,14,6.103515625e-05,16384,1000,5.815290767384461e-05,0.0,171.0,0.23152419994585216
2.0,0.0,0.0,6,0.015625,14,6.103515625e-05,16384,1000,2.923161614782482e-05,0.0,342.0,0.3161516999825835
2.0,0.0,0.0,7,0.0078125,14,6.103515625e-05,16384,1000,1.476771371762553e-05,0.0,691.0,0.28527659992687404
2.0,0.0,0.0,8,0.00390625,14,6.103515625e-05,16384,1000,7.534800801352326e-06,0.0,1412.0,0.30602450016885996
2.0,0.0,0.0,9,0.001953125,14,6.103515625e-05,16384,1000,3.882484823601596e-06,0.0,2988.0,0.3616363999899477
2.0,0.04,0.08944271909999159,4,0.0625,14,6.103515625e-05,16384,1000,0.00016870074293430317,0.0,86.325,0.23226369987241924
2.0,0.04,0.08944271909999159,5,0.03125,14,6.103515625e-05,16384,1000,8.581169319741541e-05,0.0,172.577,0.19573560007847846
2.0,0.04,0.08944271909999159,6,0.015625,14,6.103515625e-05,16384,1000,4.210072365326836e-05,0.0,346.441,0.24940490000881255
2.0,0.04,0.08944271909999159,7,0.0078125,14,6.103515625e-05,16384,1000,2.1072932502186367e-05,0.0,699.886,0.28100230009295046
2.0,0.04,0.08944271909999159,8,0.00390625,14,6.103515625e-05,16384,1000,1.069092275103012e-05,0.0,1430.661,0.3053963000420481
2.0,0.04,0.08944271909999159,9,0.001953125,14,6.103515625e-05,16384,1000,5.541973743919871e-06,0.0,3006.074,0.3335992998909205
2.0,0.08,0.12649110640673517,4,0.0625,14,6.103515625e-05,16384,1000,0.00020420650587387734,0.0,87.435,0.21645130007527769
2.0,0.08,0.12649110640673517,5,0.03125,14,6.103515625e-05,16384,1000,0.00010301299332355257,0.0,174.784,0.2568965000100434
2.0,0.08,0.12649110640673517,6,0.015625,14,6.103515625e-05,16384,1000,5.141997422404439e-05,0.0,350.887,0.23185059987008572
2.0,0.08,0.12649110640673517,7,0.0078125,14,6.103515625e-05,16384,1000,2.62341456364834e-05,0.0,709.065,0.27438879990950227
2.0,0.08,0.12649110640673517,8,0.00390625,14,6.103515625e-05,16384,1000,1.3276011520660592e-05,0.0,1450.542,0.25575640005990863
2.0,0.08,0.12649110640673517,9,0.001953125,14,6.103515625e-05,16384,1000,6.820584575458847e-06,0.0,3049.274,0.33175050001591444
2.0,0.12,0.15491933384829668,4,0.0625,14,6.103515625e-05,16384,1000,0.00023867697750014325,0.0,88.573,0.20526130008511245
2.0,0.12,0.15491933384829668,5,0.03125,14,6.103515625e-05,16384,1000,0.00012410514804136343,0.0,177.097,0.24047059984877706
2.0,0.12,0.15491933384829668,6,0.015625,14,6.103515625e-05,16384,1000,6.020298510557642e-05,0.0,355.636,0.23270139982923865
2.0,0.12,0.15491933384829668,7,0.0078125,14,6.103515625e-05,16384,1000,3.0206982804981266e-05,0.0,718.801,0.23986599990166724
2.0,0.12,0.15491933384829668,8,0.00390625,14,6.103515625e-05,16384,1000,1.555792796571596e-05,0.0,1471.207,0.2826654000673443
2.0,0.12,0.15491933384829668,9,0.001953125,14,6.103515625e-05,16384,1000,7.798758528103957e-06,0.0,3096.141,0.3550372999161482
2.0,0.16,0.17888543819998318,4,0.0625,14,6.103515625e-05,16384,1000,0.0002727865305162957,0.0,89.79,0.23091910011135042
2.0,0.16,0.17888543819998318,5,0.03125,14,6.103515625e-05,16384,1000,0.0001308538927883395,0.0,179.554,0.23659580014646053
2.0,0.16,0.17888543819998318,6,0.015625,14,6.103515625e-05,16384,1000,6.772597622589596e-05,0.0,360.6,0.2739548999816179
2.0,0.16,0.17888543819998318,7,0.0078125,14,6.103515625e-05,16384,1000,3.326796091708262e-05,0.0,729.07,0.25237130001187325
2.0,0.16,0.17888543819998318,8,0.00390625,14,6.103515625e-05,16384,1000,1.7338651353514106e-05,0.0,1493.181,0.28173859999515116
2.0,0.16,0.17888543819998318,9,0.001953125,14,6.103515625e-05,16384,1000,9.042419244979339e-06,0.0,3146.093,0.36805689986795187
2.0,0.2,0.2,4,0.0625,14,6.103515625e-05,16384,1000,0.0002979236485232301,0.0,91.088,0.23186249984428287
2.0,0.2,0.2,5,0.03125,14,6.103515625e-05,16384,1000,0.0001466767327145845,0.0,182.118,0.21494859992526472
2.0,0.2,0.2,6,0.015625,14,6.103515625e-05,16384,1000,7.336761401205483e-05,0.0,365.858,0.2600741998758167
2.0,0.2,0.2,7,0.0078125,14,6.103515625e-05,16384,1000,3.659208068634124e-05,0.0,739.895,0.2572217001579702
2.0,0.2,0.2,8,0.00390625,14,6.103515625e-05,16384,1000,1.8891726168455028e-05,0.0,1516.408,0.2613435999955982
2.0,0.2,0.2,9,0.001953125,14,6.103515625e-05,16384,1000,9.585277506382549e-06,0.0,3200.375,0.37712069996632636
2.0,0.24000000000000002,0.21908902300206645,4,0.0625,14,6.103515625e-05,16384,1000,0.0003156472890287621,0.0,92.421,0.21414999989792705
2.0,0.24000000000000002,0.21908902300206645,5,0.03125,14,6.103515625e-05,16384,1000,0.000157108659521902,0.0,184.846,0.25953929987736046
2.0,0.24000000000000002,0.21908902300206645,6,0.015625,14,6.103515625e-05,16384,1000,8.10824788608615e-05,0.0,371.35,0.2559287999756634
2.0,0.24000000000000002,0.21908902300206645,7,0.0078125,14,6.103515625e-05,16384,1000,3.87900287697332e-05,0.0,751.298,0.2991526999976486
2.0,0.24000000000000002,0.21908902300206645,8,0.00390625,14,6.103515625e-05,16384,1000,1.9556650602117577e-05,0.0,1541.088,0.40329429996199906
2.0,0.24000000000000002,0.21908902300206645,9,0.001953125,14,6.103515625e-05,16384,1000,1.0317401391531347e-05,0.0,3258.607,0.36009730002842844
2.0,0.27999999999999997,0.23664319132398462,4,0.0625,14,6.103515625e-05,16384,1000,0.00033453361103399763,0.0,93.841,0.23072910006158054
2.0,0.27999999999999997,0.23664319132398462,5,0.03125,14,6.103515625e-05,16384,1000,0.00017322448299487503,0.0,187.69,0.22136720013804734
2.0,0.27999999999999997,0.23664319132398462,6,0.015625,14,6.103515625e-05,16384,1000,8.605999978082436e-05,0.0,377.185,0.22166789998300374
2.0,0.27999999999999997,0.23664319132398462,7,0.0078125,14,6.103515625e-05,16384,1000,4.2229897082890494e-05,0.0,763.427,0.2911519999615848
2.0,0.27999999999999997,0.23664319132398462,8,0.00390625,14,6.103515625e-05,16384,1000,2.1695965085256402e-05,0.0,1567.276,0.29714099992997944
2.0,0.27999999999999997,0.23664319132398462,9,0.001953125,14,6.103515625e-05,16384,1000,1.0750330769495397e-05,7.768821551072323e-05,3320.967,0.32769160019233823
2.0,0.32,0.25298221281347033,4,0.0625,14,6.103515625e-05,16384,1000,0.0003539483283419493,0.0,95.338,0.23919290001504123
2.0,0.32,0.25298221281347033,5,0.03125,14,6.103515625e-05,16384,1000,0.00017924501866020844,0.0,190.712,0.23776590009219944
2.0,0.32,0.25298221281347033,6,0.015625,14,6.103515625e-05,16384,1000,9.181806715126105e-05,0.0,383.334,0.23875109991058707
2.0,0.32,0.25298221281347033,7,0.0078125,14,6.103515625e-05,16384,1000,4.631148973693231e-05,0.0,776.19,0.2571164998225868
2.0,0.32,0.25298221281347033,8,0.00390625,14,6.103515625e-05,16384,1000,2.19250040416005e-05,0.0,1595.046,0.3585997000336647
2.0,0.32,0.25298221281347033,9,0.001953125,14,6.103515625e-05,16384,1000,1.1568806111440415e-05,0.0002399462378761482,3388.259,0.39166809991002083
2.0,0.36,0.2683281572999748,4,0.0625,14,6.103515625e-05,16384,1000,0.0003779854629463988,4.127924376425424e-05,96.901,0.22348339995369315
2.0,0.36,0.2683281572999748,5,0.03125,14,6.103515625e-05,16384,1000,0.00018813969309628738,4.642142400297097e-05,193.876,0.22580390004441142
2.0,0.36,0.2683281572999748,6,0.015625,14,6.103515625e-05,16384,1000,8.832942998135154e-05,3.334898170167027e-05,389.817,0.2769279999192804
2.0,0.36,0.2683281572999748,7,0.0078125,14,6.103515625e-05,16384,1000,4.588620006632359e-05,2.91240252948491e-05,789.726,0.34172099991701543
2.0,0.36,0.2683281572999748,8,0.00390625,14,6.103515625e-05,16384,1000,2.3426175206279432e-05,2.8311682077043474e-05,1624.771,0.3430336001329124
2.0,0.36,0.2683281572999748,9,0.001953125,14,6.103515625e-05,16384,1000,1.1729536674299258e-05,0.0006043960490823933,3459.652,0.43460929999127984
2.0,0.39999999999999997,0.282842712474619,4,0.0625,14,6.103515625e-05,16384,1000,0.00038952595488395267,0.00016233766233766234,98.56,0.21243429998867214
2.0,0.39999999999999997,0.282842712474619,5,0.03125,14,6.103515625e-05,16384,1000,0.00019683996092880455,0.0001520943390487006,197.246,0.23568259994499385
2.0,0.39999999999999997,0.282842712474619,6,0.015625,14,6.103515625e-05,16384,1000,9.918020686483893e-05,0.00013108935251943653,396.676,0.2265643000137061
2.0,0.39999999999999997,0.282842712474619,7,0.0078125,14,6.103515625e-05,16384,1000,4.9287940355864564e-05,0.00011689826617486488,804.118,0.2761575998738408
2.0,0.39999999999999997,0.282842712474619,8,0.00390625,14,6.103515625e-05,16384,1000,2.4056694315333385e-05,0.00010563690603385935,1656.618,0.3316126000136137
2.0,0.39999999999999997,0.282842712474619,9,0.001953125,14,6.103515625e-05,16384,1000,1.2235722783681033e-05,0.0012474080704953899,3534.529,0.44949840009212494
2.0,0.44,0.2966479394838265,4,0.0625,14,6.103515625e-05,16384,1000,0.00041343572313277943,0.0003987360068582593,100.317,0.20291810017079115
2.0,0.44,0.2966479394838265,5,0.03125,14,6.103515625e-05,16384,1000,0.0002062941021876191,0.0003735338795228727,200.785,0.2327489999588579
2.0,0.44,0.2966479394838265,6,0.015625,14,6.103515625e-05,16384,1000,9.493919610494315e-05,0.0003441420341022473,403.903,0.2537768001202494
2.0,0.44,0.2966479394838265,7,0.0078125,14,6.103515625e-05,16384,1000,5.405296495623873e-05,0.00032588039579211514,819.319,0.2386181999463588
2.0,0.44,0.2966479394838265,8,0.00390625,14,6.103515625e-05,16384,1000,2.6796152844573395e-05,0.0003111321424346386,1690.6,0.3097291998565197
2.0,0.44,0.2966479394838265,9,0.001953125,14,6.103515625e-05,16384,1000,1.2624135721211448e-05,0.002130715228526126,3613.81,0.4627299001440406
2.0,0.48,0.30983866769659335,4,0.0625,14,6.103515625e-05,16384,1000,0.00042331067635322764,0.0007829627309740056,102.176,0.2096233000047505
2.0,0.48,0.30983866769659335,5,0.03125,14,6.103515625e-05,16384,1000,0.00021161337657696678,0.0006796600721710983,204.514,0.2194523001089692
2.0,0.48,0.30983866769659335,6,0.015625,14,6.103515625e-05,16384,1000,0.0001040861717629151,0.0006414508451843807,411.567,0.2613079999573529
2.0,0.48,0.30983866769659335,7,0.0078125,14,6.103515625e-05,16384,1000,5.3720713612639555e-05,0.000602125515038773,835.374,0.29528690013103187
2.0,0.48,0.30983866769659335,8,0.00390625,14,6.103515625e-05,16384,1000,2.6683861467814278e-05,0.0005729075550808037,1726.282,0.37449289998039603
2.0,0.48,0.30983866769659335,9,0.001953125,14,6.103515625e-05,16384,1000,1.3667720933299583e-05,0.0034143211020194815,3696.196,0.5064865001477301
2.0,0.52,0.322490309931942,4,0.0625,14,6.103515625e-05,16384,1000,0.0004346373177763164,0.0014692607601743907,104.134,0.4581162000540644
2.0,0.52,0.322490309931942,5,0.03125,14,6.103515625e-05,16384,1000,0.00022097360604257034,0.0012568479022153143,208.458,0.23533309996128082
2.0,0.52,0.322490309931942,6,0.015625,14,6.103515625e-05,16384,1000,0.00010533614298651894,0.0012200817836070573,419.644,0.32905569998547435
2.0,0.52,0.322490309931942,7,0.0078125,14,6.103515625e-05,16384,1000,5.526543600912942e-05,0.0011251404959065534,852.338,0.40933359996415675
2.0,0.52,0.322490309931942,8,0.00390625,14,6.103515625e-05,16384,1000,2.6487727467705123e-05,0.0010573208419129689,1764.838,0.48614090005867183
2.0,0.52,0.322490309931942,9,0.001953125,14,6.103515625e-05,16384,1000,1.3712080172491635e-05,0.005409008862259742,3781.654,0.5830290999729186
2.0,0.56,0.33466401061363027,4,0.0625,14,6.103515625e-05,16384,1000,0.0004558392744711991,0.0023265890509023774,106.164,0.30146320001222193
2.0,0.56,0.33466401061363027,5,0.03125,14,6.103515625e-05,16384,1000,0.00022864284293595748,0.002159014473393322,212.597,0.24618199979886413
2.0,0.56,0.33466401061363027,6,0.015625,14,6.103515625e-05,16384,1000,0.00011827713027678912,0.0019830981178086417,428.118,0.2906594001688063
2.0,0.56,0.33466401061363027,7,0.0078125,14,6.103515625e-05,16384,1000,5.6820831098525064e-05,0.0018428859317948375,870.374,0.31445720000192523
2.0,0.56,0.33466401061363027,8,0.00390625,14,6.103515625e-05,16384,1000,2.7773783182799707e-05,0.0017457853099336457,1806.064,0.3028756999410689
2.0,0.56,0.33466401061363027,9,0.001953125,14,6.103515625e-05,16384,1000,1.4338559785971038e-05,0.008084962533100455,3869.282,0.5648831999860704
2.0,0.6000000000000001,0.3464101615137755,4,0.0625,14,6.103515625e-05,16384,1000,0.0004765746853346985,0.003618572879165513,108.33,0.318597299978137
2.0,0.6000000000000001,0.3464101615137755,5,0.03125,14,6.103515625e-05,16384,1000,0.00021988546207001264,0.0032262673469481817,216.969,0.27867629984393716
2.0,0.6000000000000001,0.3464101615137755,6,0.015625,14,6.103515625e-05,16384,1000,0.00010956182313838932,0.002969524624405466,437.107,0.38456749985925853
2.0,0.6000000000000001,0.3464101615137755,7,0.0078125,14,6.103515625e-05,16384,1000,5.817201014065036e-05,0.0028173542727437276,889.487,0.30906899995170534
2.0,0.6000000000000001,0.3464101615137755,8,0.00390625,14,6.103515625e-05,16384,1000,2.8520370488229435e-05,0.0026595241403584275,1849.579,0.4754453001078218
2.0,0.6000000000000001,0.3464101615137755,9,0.001953125,14,6.103515625e-05,16384,1000,1.4614532194214642e-05,0.01124872265470562,3958.405,0.6517101000063121
2.0,0.64,0.35777087639996635,4,0.0625,14,6.103515625e-05,16384,1000,0.0004713912160216788,0.005289809205172258,110.59,0.27655629999935627
2.0,0.64,0.35777087639996635,5,0.03125,14,6.103515625e-05,16384,1000,0.00023504393513795608,0.004924262940295005,221.556,0.301230400102213
2.0,0.64,0.35777087639996635,6,0.015625,14,6.103515625e-05,16384,1000,0.00011692722672561447,0.004554951662422992,446.547,0.30031100008636713
2.0,0.64,0.35777087639996635,7,0.0078125,14,6.103515625e-05,16384,1000,5.8492665771865876e-05,0.004287461128045428,909.396,0.3051297999918461
2.0,0.64,0.35777087639996635,8,0.00390625,14,6.103515625e-05,16384,1000,2.905360467720428e-05,0.004009344231066561,1895.073,0.323888499988243
2.0,0.64,0.35777087639996635,9,0.001953125,14,6.103515625e-05,16384,1000,1.421289669681986e-05,0.01507990402574596,4048.169,0.4320890000090003
2.0,0.68,0.3687817782917155,4,0.0625,14,6.103515625e-05,16384,1000,0.00047087040236144665,0.008027685335976776,112.984,0.2344010998494923
2.0,0.68,0.3687817782917155,5,0.03125,14,6.103515625e-05,16384,1000,0.00023962385481970624,0.006940640076342623,226.348,0.23449309985153377
2.0,0.68,0.3687817782917155,6,0.015625,14,6.103515625e-05,16384,1000,0.00011723213455492317,0.006636096949673892,456.443,0.22761120018549263
2.0,0.68,0.3687817782917155,7,0.0078125,14,6.103515625e-05,16384,1000,5.8805622576902585e-05,0.006223384016114158,930.362,0.36351500009186566
2.0,0.68,0.3687817782917155,8,0.00390625,14,6.103515625e-05,16384,1000,3.186935467146947e-05,0.0058414095147702886,1942.853,0.39741520001553
2.0,0.68,0.3687817782917155,9,0.001953125,14,6.103515625e-05,16384,1000,1.5293729957020004e-05,0.019507740035323653,4138.87,0.5051021000836045
2.0,0.7200000000000001,0.37947331922020555,4,0.0625,14,6.103515625e-05,16384,1000,0.000506629646716582,0.01075762431465618,115.453,0.25966529990546405
2.0,0.7200000000000001,0.37947331922020555,5,0.03125,14,6.103515625e-05,16384,1000,0.0002474209020117279,0.00973731296838939,231.378,0.2954774000681937
2.0,0.7200000000000001,0.37947331922020555,6,0.015625,14,6.103515625e-05,16384,1000,0.00011994960489874345,0.009187678911191485,466.712,0.27083060005679727
2.0,0.7200000000000001,0.37947331922020555,7,0.0078125,14,6.103515625e-05,16384,1000,5.839754051185118e-05,0.008690565459124411,952.182,0.33130270009860396
2.0,0.7200000000000001,0.37947331922020555,8,0.00390625,14,6.103515625e-05,16384,1000,3.146888756501573e-05,0.008147243623814464,1992.453,0.3647241999860853
2.0,0.7200000000000001,0.37947331922020555,9,0.001953125,14,6.103515625e-05,16384,1000,1.6489635731782993e-05,0.024344319197934894,4230.679,0.5013879998587072
2.0,0.76,0.3898717737923586,4,0.0625,14,6.103515625e-05,16384,1000,0.0005137328038005733,0.014576716215643925,118.065,0.2157415000256151
2.0,0.76,0.3898717737923586,5,0.03125,14,6.103515625e-05,16384,1000,0.00025360257646364805,0.013082531966606784,236.575,0.2478550998494029
2.0,0.76,0.3898717737923586,6,0.015625,14,6.103515625e-05,16384,1000,0.0001260981515315029,0.012187893373212607,477.441,0.3305240999907255
2.0,0.76,0.3898717737923586,7,0.0078125,14,6.103515625e-05,16384,1000,6.381532635927465e-05,0.011620965740203208,974.962,0.3330934001132846
2.0,0.76,0.3898717737923586,8,0.00390625,14,6.103515625e-05,16384,1000,3.31562728897835e-05,0.0108750946489819,2044.396,0.37129150005057454
2.0,0.76,0.3898717737923586,9,0.001953125,14,6.103515625e-05,16384,1000,1.5716383340289026e-05,0.02972610862694317,4322.261,0.5471526000183076
2.0,0.8,0.4,4,0.0625,14,6.103515625e-05,16384,1000,0.0005619843509280276,0.018603803591544628,120.728,0.23869129992090166
2.0,0.8,0.4,5,0.03125,14,6.103515625e-05,16384,1000,0.0002351471850384247,0.01701253729369664,241.998,0.22688230010680854
2.0,0.8,0.4,6,0.015625,14,6.103515625e-05,16384,1000,0.00012332035134450392,0.01596918328332303,488.566,0.28764590015634894
2.0,0.8,0.4,7,0.0078125,14,6.103515625e-05,16384,1000,6.172573725753154e-05,0.01506471759413195,998.492,0.30334219988435507
2.0,0.8,0.4,8,0.00390625,14,6.103515625e-05,16384,1000,3.2358036816846085e-05,0.014109727492896509,2097.56,0.38656759983859956
2.0,0.8,0.4,9,0.001953125,14,6.103515625e-05,16384,1000,1.5397387041568224e-05,0.03543295846986463,4413.518,0.5361913000233471
2.0,0.8400000000000001,0.40987803063838396,4,0.0625,14,6.103515625e-05,16384,1000,0.0005367983362323201,0.023680950800294698,123.517,0.22834510006941855
2.0,0.8400000000000001,0.40987803063838396,5,0.03125,14,6.103515625e-05,16384,1000,0.000251894063037806,0.021489005108737354,247.615,0.2855454001110047
2.0,0.8400000000000001,0.40987803063838396,6,0.015625,14,6.103515625e-05,16384,1000,0.00013349743702161933,0.020398817784425628,500.078,0.2915066001005471
2.0,0.8400000000000001,0.40987803063838396,7,0.0078125,14,6.103515625e-05,16384,1000,6.55738721961967e-05,0.019311085127932396,1022.884,0.30147890001535416
2.0,0.8400000000000001,0.40987803063838396,8,0.00390625,14,6.103515625e-05,16384,1000,3.185102323180209e-05,0.018027960711196826,2152.878,0.3897596001625061
2.0,0.8400000000000001,0.40987803063838396,9,0.001953125,14,6.103515625e-05,16384,1000,1.688132935057904e-05,0.041793645429852436,4504.034,0.4723959001712501
2.0,0.88,0.41952353926806063,4,0.0625,14,6.103515625e-05,16384,1000,0.0005165855402342073,0.029052604920977863,126.357,0.2332484999205917
2.0,0.88,0.41952353926806063,5,0.03125,14,6.103515625e-05,16384,1000,0.0002594451309859477,0.02704142642340433,253.389,0.20638459990732372
2.0,0.88,0.41952353926806063,6,0.015625,14,6.103515625e-05,16384,1000,0.00012687474821394625,0.025456505942195447,511.932,0.25665909983217716
2.0,0.88,0.41952353926806063,7,0.0078125,14,6.103515625e-05,16384,1000,7.483150941411124e-05,0.02410913570680848,1047.943,0.305378699908033
2.0,0.88,0.41952353926806063,8,0.00390625,14,6.103515625e-05,16384,1000,3.436070432362515e-05,0.022474843568374047,2210.071,0.4686800998169929
2.0,0.88,0.41952353926806063,9,0.001953125,14,6.103515625e-05,16384,1000,1.668584879212957e-05,0.048650661950715435,4593.771,0.5869507000315934
2.0,0.92,0.4289522117905444,4,0.0625,14,6.103515625e-05,16384,1000,0.0005371778127870237,0.03517129379011678,129.31,0.279266000026837
2.0,0.92,0.4289522117905444,5,0.03125,14,6.103515625e-05,16384,1000,0.0002682597057246567,0.0324645033944894,259.391,0.2888873000629246
2.0,0.92,0.4289522117905444,6,0.015625,14,6.103515625e-05,16384,1000,0.00013867879492184893,0.030720884706528832,524.106,0.27691160002723336
2.0,0.92,0.4289522117905444,7,0.0078125,14,6.103515625e-05,16384,1000,6.580469664641226e-05,0.029027280186033864,1073.783,0.3339299999643117
2.0,0.92,0.4289522117905444,8,0.00390625,14,6.103515625e-05,16384,1000,3.6322886572313856e-05,0.02708584117955863,2268.713,0.4585820999927819
2.0,0.92,0.4289522117905444,9,0.001953125,14,6.103515625e-05,16384,1000,1.607213891226041e-05,0.05587311145347217,4683.165,0.4824169999919832
2.0,0.9600000000000001,0.4381780460041329,4,0.0625,14,6.103515625e-05,16384,1000,0.000516185803100315,0.041622609588834174,132.404,0.3263131999410689
2.0,0.9600000000000001,0.4381780460041329,5,0.03125,14,6.103515625e-05,16384,1000,0.00029429293292000214,0.03838202010235708,265.541,0.386006300104782
2.0,0.9600000000000001,0.4381780460041329,6,0.015625,14,6.103515625e-05,16384,1000,0.00013362725128592405,0.03649116923764811,536.76,0.2996992999687791
2.0,0.9600000000000001,0.4381780460041329,7,0.0078125,14,6.103515625e-05,16384,1000,6.727922772114171e-05,0.03443218516977106,1100.482,0.36268110014498234
2.0,0.9600000000000001,0.4381780460041329,8,0.00390625,14,6.103515625e-05,16384,1000,3.291768276369121e-05,0.03203245449342663,2329.169,0.4260334998834878
2.0,0.9600000000000001,0.4381780460041329,9,0.001953125,14,6.103515625e-05,16384,1000,1.6486367417358624e-05,0.06361176293871093,4773.331,0.5087202999275178
2.0,1.0,0.4472135954999579,4,0.0625,14,6.103515625e-05,16384,1000,0.0005307838862534549,0.048800820355438174,135.551,0.22706179996021092
2.0,1.0,0.4472135954999579,5,0.03125,14,6.103515625e-05,16384,1000,0.000275716706018138,0.04518471112680408,271.884,0.2741621001623571
2.0,1.0,0.4472135954999579,6,0.015625,14,6.103515625e-05,16384,1000,0.00014672635444971013,0.0426983338699731,549.717,0.2988948000129312
2.0,1.0,0.4472135954999579,7,0.0078125,14,6.103515625e-05,16384,1000,6.518238769959834e-05,0.040405643613870695,1127.788,0.3144024999346584
2.0,1.0,0.4472135954999579,8,0.00390625,14,6.103515625e-05,16384,1000,3.560424191382445e-05,0.03751771943128834,2390.737,0.4395270000677556
2.0,1.0,0.4472135954999579,9,0.001953125,14,6.103515625e-05,16384,1000,1.6133639091428388e-05,0.07154995947316972,4862.211,0.4999772999435663
2.0,1.04,0.4560701700396552,4,0.0625,14,6.103515625e-05,16384,1000,0.0005257349621410572,0.056256935737241845,138.774,0.277389699826017
2.0,1.04,0.4560701700396552,5,0.03125,14,6.103515625e-05,16384,1000,0.00026477000365363995,0.05216538614885616,278.403,0.23361700004898012
2.0,1.04,0.4560701700396552,6,0.015625,14,6.103515625e-05,16384,1000,0.00013949994449552575,0.04953971684993331,563.023,0.2781854998320341
2.0,1.04,0.4560701700396552,7,0.0078125,14,6.103515625e-05,16384,1000,6.890218534575216e-05,0.04690817719770949,1155.726,0.335979700088501
2.0,1.04,0.4560701700396552,8,0.00390625,14,6.103515625e-05,16384,1000,3.4981467183588605e-05,0.043454498993965425,2453.693,0.428729800041765
2.0,1.04,0.4560701700396552,9,0.001953125,14,6.103515625e-05,16384,1000,1.7954687273136393e-05,0.07978856330726906,4949.945,0.47428079997189343
2.0,1.08,0.46475800154489005,4,0.0625,14,6.103515625e-05,16384,1000,0.0005676265050341121,0.06456129981071401,142.113,0.24367660004645586
2.0,1.08,0.46475800154489005,5,0.03125,14,6.103515625e-05,16384,1000,0.0002715655662322432,0.06011231816698996,285.083,0.24067870015278459
2.0,1.08,0.46475800154489005,6,0.015625,14,6.103515625e-05,16384,1000,0.00014046186610898773,0.05688106166883715,576.677,0.2238530998583883
2.0,1.08,0.46475800154489005,7,0.0078125,14,6.103515625e-05,16384,1000,6.720273084408618e-05,0.053764158015952884,1184.488,0.29765879991464317
2.0,1.08,0.46475800154489005,8,0.00390625,14,6.103515625e-05,16384,1000,3.4807711697274736e-05,0.04975102443999862,2517.717,0.4142942000180483
2.0,1.08,0.46475800154489005,9,0.001953125,14,6.103515625e-05,16384,1000,1.6841813462481325e-05,0.0882935767283679,5036.312,0.5908736998680979
2.0,1.12,0.4732863826479693,4,0.0625,14,6.103515625e-05,16384,1000,0.0005501107996661045,0.07368421052631578,145.54,0.39704929990693927
2.0,1.12,0.4732863826479693,5,0.03125,14,6.103515625e-05,16384,1000,0.00027361648726795105,0.06828631532784694,291.874,0.2970551000908017
2.0,1.12,0.4732863826479693,6,0.015625,14,6.103515625e-05,16384,1000,0.00013545580431042215,0.06465153767741455,590.566,0.3547785999253392
2.0,1.12,0.4732863826479693,7,0.0078125,14,6.103515625e-05,16384,1000,7.472248221956344e-05,0.06123052684835291,1213.594,0.4054185999557376
2.0,1.12,0.4732863826479693,8,0.00390625,14,6.103515625e-05,16384,1000,3.7948319768243775e-05,0.05653981578180053,2582.481,0.47027099994011223
2.0,1.12,0.4732863826479693,9,0.001953125,14,6.103515625e-05,16384,1000,1.663727995068541e-05,0.09685474745597396,5122.196,0.6530340001918375
2.0,1.1600000000000001,0.48166378315169184,4,0.0625,14,6.103515625e-05,16384,1000,0.0005160576353257799,0.08239250379240445,148.982,0.3711951000150293
2.0,1.1600000000000001,0.48166378315169184,5,0.03125,14,6.103515625e-05,16384,1000,0.00028235678656796884,0.07699282939446361,298.859,0.23489980003796518
2.0,1.1600000000000001,0.48166378315169184,6,0.015625,14,6.103515625e-05,16384,1000,0.00014320845338421656,0.07292862269823996,604.646,0.31227710004895926
2.0,1.1600000000000001,0.48166378315169184,7,0.0078125,14,6.103515625e-05,16384,1000,7.215713601688132e-05,0.06912471311663332,1243.101,0.43819530005566776
2.0,1.1600000000000001,0.48166378315169184,8,0.00390625,14,6.103515625e-05,16384,1000,3.552837458151322e-05,0.06377146776115931,2647.924,0.5877235000953078
2.0,1.1600000000000001,0.48166378315169184,9,0.001953125,14,6.103515625e-05,16384,1000,1.713037908905107e-05,0.10549408553055466,5207.145,0.627466700039804
2.0,1.2,0.4898979485566356,4,0.0625,14,6.103515625e-05,16384,1000,0.0005755935255166919,0.09227087976924085,152.54,0.2387622999958694
2.0,1.2,0.4898979485566356,5,0.03125,14,6.103515625e-05,16384,1000,0.00028335563163254255,0.08565759841014059,305.939,0.3262879999820143
2.0,1.2,0.4898979485566356,6,0.015625,14,6.103515625e-05,16384,1000,0.00013876503888377766,0.08167610309261697,619.055,0.3153062001802027
2.0,1.2,0.4898979485566356,7,0.0078125,14,6.103515625e-05,16384,1000,6.930358010468685e-05,0.07716346323759828,1273.271,0.4551793998107314
2.0,1.2,0.4898979485566356,8,0.00390625,14,6.103515625e-05,16384,1000,3.855703338327342e-05,0.0711760175977067,2713.99,0.45921240001916885
2.0,1.2,0.4898979485566356,9,0.001953125,14,6.103515625e-05,16384,1000,1.8196469692245716e-05,0.11431364521466555,5290.602,0.5472102998755872
2.0,1.24,0.4979959839195493,4,0.0625,14,6.103515625e-05,16384,1000,0.0006146394586655266,0.10205675938732647,156.168,0.37311449996195734
2.0,1.24,0.4979959839195493,5,0.03125,14,6.103515625e-05,16384,1000,0.00029917262478414304,0.0953107981640534,313.081,0.2769104999024421
2.0,1.24,0.4979959839195493,6,0.015625,14,6.103515625e-05,16384,1000,0.0001428791211790916,0.09055288340150482,633.696,0.3264912001322955
2.0,1.24,0.4979959839195493,7,0.0078125,14,6.103515625e-05,16384,1000,7.490203214686768e-05,0.08550635028276325,1303.564,0.2911733000073582
2.0,1.24,0.4979959839195493,8,0.00390625,14,6.103515625e-05,16384,1000,3.766681490633926e-05,0.07883154081644397,2780.448,0.4852066000457853
2.0,1.24,0.4979959839195493,9,0.001953125,14,6.103515625e-05,16384,1000,1.87792566950856e-05,0.12317185664318483,5372.664,0.5198822000529617
2.0,1.28,0.5059644256269407,4,0.0625,14,6.103515625e-05,16384,1000,0.0005844439225497649,0.11271316374104322,159.795,0.250252699945122
2.0,1.28,0.5059644256269407,5,0.03125,14,6.103515625e-05,16384,1000,0.0002858980251356777,0.10467831146292435,320.372,0.28939599986188114
2.0,1.28,0.5059644256269407,6,0.015625,14,6.103515625e-05,16384,1000,0.00015489305586345999,0.09982064730438912,648.443,0.2710039000958204
2.0,1.28,0.5059644256269407,7,0.0078125,14,6.103515625e-05,16384,1000,7.788120958270791e-05,0.09422719310672037,1334.169,0.30223180004395545
2.0,1.28,0.5059644256269407,8,0.00390625,14,6.103515625e-05,16384,1000,3.6562010290616395e-05,0.08674037902691958,2847.555,0.4316031001508236
2.0,1.28,0.5059644256269407,9,0.001953125,14,6.103515625e-05,16384,1000,1.741686474200335e-05,0.1322197516034825,5452.975,0.5557277998887002
2.0,1.32,0.5138093031466052,4,0.0625,14,6.103515625e-05,16384,1000,0.000598105099851212,0.1230783348117334,163.465,0.31672660005278885
2.0,1.32,0.5138093031466052,5,0.03125,14,6.103515625e-05,16384,1000,0.00029233750438034607,0.11470993800946942,327.792,0.33914629998616874
2.0,1.32,0.5138093031466052,6,0.015625,14,6.103515625e-05,16384,1000,0.00014654025928867366,0.109180094093741,663.381,0.2754613000433892
2.0,1.32,0.5138093031466052,7,0.0078125,14,6.103515625e-05,16384,1000,8.123462214716196e-05,0.10307750573401636,1365.099,0.4228192998562008
2.0,1.32,0.5138093031466052,8,0.00390625,14,6.103515625e-05,16384,1000,3.599220393399903e-05,0.0948570797357271,2915.017,0.444874000037089
2.0,1.32,0.5138093031466052,9,0.001953125,14,6.103515625e-05,16384,1000,1.8514069298302884e-05,0.14129920773050256,5531.956,0.5594790000468493
2.0,1.36,0.521536192416212,4,0.0625,14,6.103515625e-05,16384,1000,0.000631292106014049,0.13417427763124054,167.193,0.2558230001013726
2.0,1.36,0.521536192416212,5,0.03125,14,6.103515625e-05,16384,1000,0.0002869711201129618,0.12512529832935562,335.2,0.2232792000286281
2.0,1.36,0.521536192416212,6,0.015625,14,6.103515625e-05,16384,1000,0.00014859074633310617,0.11859986495770346,678.306,0.3291497000027448
2.0,1.36,0.521536192416212,7,0.0078125,14,6.103515625e-05,16384,1000,7.959509328188627e-05,0.1123142788799654,1396.314,0.3024886001367122
2.0,1.36,0.521536192416212,8,0.00390625,14,6.103515625e-05,16384,1000,3.805598989144296e-05,0.10319905467538669,2982.256,0.4309215000830591
2.0,1.36,0.521536192416212,9,0.001953125,14,6.103515625e-05,16384,1000,2.0581785077018808e-05,0.15008480787576056,5610.328,0.5696805000770837
2.0,1.4000000000000001,0.5291502622129182,4,0.0625,14,6.103515625e-05,16384,1000,0.0005927778574473817,0.14402808249232119,170.925,0.23522059991955757
2.0,1.4000000000000001,0.5291502622129182,5,0.03125,14,6.103515625e-05,16384,1000,0.00031277156006851055,0.13483841219627504,342.662,0.25194620015099645
2.0,1.4000000000000001,0.5291502622129182,6,0.015625,14,6.103515625e-05,16384,1000,0.00015835022342775042,0.12853774775229457,693.485,0.26373649993911386
2.0,1.4000000000000001,0.5291502622129182,7,0.0078125,14,6.103515625e-05,16384,1000,8.144008468538516e-05,0.12177394725118311,1427.596,0.3113700000103563
2.0,1.4000000000000001,0.5291502622129182,8,0.00390625,14,6.103515625e-05,16384,1000,3.849126331801373e-05,0.11167436957223872,3049.715,0.42926459992304444
2.0,1.4000000000000001,0.5291502622129182,9,0.001953125,14,6.103515625e-05,16384,1000,1.885055960329692e-05,0.15882699390817429,5687.95,0.5449171999935061
2.0,1.4400000000000002,0.5366563145999496,4,0.0625,14,6.103515625e-05,16384,1000,0.0006261443129420754,0.15570866930291916,174.743,0.3095335999969393
2.0,1.4400000000000002,0.5366563145999496,5,0.03125,14,6.103515625e-05,16384,1000,0.0003128608158939389,0.14558226626857493,350.338,0.3292759000323713
2.0,1.4400000000000002,0.5366563145999496,6,0.015625,14,6.103515625e-05,16384,1000,0.00015183259585159202,0.1386452654272911,708.744,0.31715489993803203
2.0,1.4400000000000002,0.5366563145999496,7,0.0078125,14,6.103515625e-05,16384,1000,7.777404290531274e-05,0.13100703044791176,1459.082,0.40964440000243485
2.0,1.4400000000000002,0.5366563145999496,8,0.00390625,14,6.103515625e-05,16384,1000,3.8893886296506315e-05,0.12029953141676256,3117.269,0.5755680999718606
2.0,1.4400000000000002,0.5366563145999496,9,0.001953125,14,6.103515625e-05,16384,1000,1.8512651695988818e-05,0.16757159284063788,5764.927,0.6973669999279082
2.0,1.48,0.5440588203494178,4,0.0625,14,6.103515625e-05,16384,1000,0.0005963597388581284,0.16726659986228595,178.631,0.2716183001175523
2.0,1.48,0.5440588203494178,5,0.03125,14,6.103515625e-05,16384,1000,0.0003123571892855648,0.15629548305271773,357.963,0.30269979988224804
2.0,1.48,0.5440588203494178,6,0.015625,14,6.103515625e-05,16384,1000,0.00016056435834623732,0.14874824649575294,724.264,0.33431160007603467
2.0,1.48,0.5440588203494178,7,0.0078125,14,6.103515625e-05,16384,1000,8.504270100415062e-05,0.14060293382621794,1490.545,0.3891955001745373
2.0,1.48,0.5440588203494178,8,0.00390625,14,6.103515625e-05,16384,1000,3.614761881867239e-05,0.12904906291724708,3184.564,0.4864868000149727
2.0,1.48,0.5440588203494178,9,0.001953125,14,6.103515625e-05,16384,1000,1.8954302169474404e-05,0.1762059280576328,5840.564,0.6432407000102103
2.0,1.52,0.5513619500836089,4,0.0625,14,6.103515625e-05,16384,1000,0.0006188190022463148,0.1784506803000663,182.493,0.25922879995778203
2.0,1.52,0.5513619500836089,5,0.03125,14,6.103515625e-05,16384,1000,0.0003311817376193835,0.16695291176904942,365.654,0.34405669989064336
2.0,1.52,0.5513619500836089,6,0.015625,14,6.103515625e-05,16384,1000,0.0001740428570596112,0.15875004900151804,739.773,0.45849720016121864
2.0,1.52,0.5513619500836089,7,0.0078125,14,6.103515625e-05,16384,1000,8.887100524363587e-05,0.15014441699273778,1522.674,0.4038422000594437
2.0,1.52,0.5513619500836089,8,0.00390625,14,6.103515625e-05,16384,1000,3.786483271799519e-05,0.13775968204858302,3252.824,0.5857513998635113
2.0,1.52,0.5513619500836089,9,0.001953125,14,6.103515625e-05,16384,1000,1.965219981013612e-05,0.18497716990687432,5915.876,0.6146994999144226
2.0,1.56,0.5585696017507576,4,0.0625,14,6.103515625e-05,16384,1000,0.0006598418438859749,0.1895046391448304,186.349,0.2350246999412775
2.0,1.56,0.5585696017507576,5,0.03125,14,6.103515625e-05,16384,1000,0.0003351711209739832,0.17730152694241966,373.426,0.2530578998848796
2.0,1.56,0.5585696017507576,6,0.015625,14,6.103515625e-05,16384,1000,0.0001733083283714967,0.1690169367690426,755.516,0.26828600000590086
2.0,1.56,0.5585696017507576,7,0.0078125,14,6.103515625e-05,16384,1000,8.813197747586591e-05,0.15970069185901412,1554.652,0.40637450013309717
2.0,1.56,0.5585696017507576,8,0.00390625,14,6.103515625e-05,16384,1000,4.001211222706841e-05,0.14647064384758562,3321.314,0.533191499998793
2.0,1.56,0.5585696017507576,9,0.001953125,14,6.103515625e-05,16384,1000,2.008546884601777e-05,0.19379559472601177,5990.002,0.6697102000471205
2.0,1.6,0.5656854249492381,4,0.0625,14,6.103515625e-05,16384,1000,0.0006833554522814372,0.20113997530929054,190.355,0.229223599890247
2.0,1.6,0.5656854249492381,5,0.03125,14,6.103515625e-05,16384,1000,0.0003655954229299575,0.18818062864979535,381.357,0.2806039999704808
2.0,1.6,0.5656854249492381,6,0.015625,14,6.103515625e-05,16384,1000,0.00019510721916180765,0.17943525385054193,771.32,0.31900650006718934
2.0,1.6,0.5656854249492381,7,0.0078125,14,6.103515625e-05,16384,1000,9.576499112637718e-05,0.16957762488744835,1587.049,0.3750184001401067
2.0,1.6,0.5656854249492381,8,0.00390625,14,6.103515625e-05,16384,1000,3.798116145618543e-05,0.15528028917621772,3389.767,0.48170380014926195
2.0,1.6,0.5656854249492381,9,0.001953125,14,6.103515625e-05,16384,1000,1.935288756068602e-05,0.20254196834135363,6062.546,0.5635653999634087
0.2,0.0,0.0,4,0.0625,14,6.103515625e-05,16384,1000,7.4260143882454174e-06,0.0,107.0,0.2184780000243336
0.2,0.0,0.0,5,0.03125,14,6.103515625e-05,16384,1000,3.727637405834955e-06,0.0,214.0,0.25986040011048317
0.2,0.0,0.0,6,0.015625,14,6.103515625e-05,16384,1000,1.875984161049671e-06,0.0,431.0,0.2740587000735104
0.2,0.0,0.0,7,0.0078125,14,6.103515625e-05,16384,1000,9.515905036727724e-07,0.0,871.0,0.3200238000135869
0.2,0.0,0.0,8,0.00390625,14,6.103515625e-05,16384,1000,4.893007385965709e-07,0.0,1784.0,0.3493573998566717
0.2,0.0,0.0,9,0.001953125,14,6.103515625e-05,16384,1000,2.492523791738921e-07,0.0,3929.0,0.33669540006667376
0.2,0.04,0.028284271247461905,4,0.0625,14,6.103515625e-05,16384,1000,9.701494865592497e-06,0.0,107.446,0.4236816999036819
0.2,0.04,0.028284271247461905,5,0.03125,14,6.103515625e-05,16384,1000,4.806649438789216e-06,0.0,215.029,0.23754510004073381
0.2,0.04,0.028284271247461905,6,0.015625,14,6.103515625e-05,16384,1000,2.4060499314970795e-06,0.0,432.362,0.24317230004817247
0.2,0.04,0.028284271247461905,7,0.0078125,14,6.103515625e-05,16384,1000,1.2476826724137887e-06,0.0,875.672,0.30160539993084967
0.2,0.04,0.028284271247461905,8,0.00390625,14,6.103515625e-05,16384,1000,6.262979468059933e-07,0.0,1797.777,0.2802523002028465
0.2,0.04,0.028284271247461905,9,0.001953125,14,6.103515625e-05,16384,1000,3.229280555877174e-07,0.0,3867.404,0.35630870005115867
0.2,0.08,0.04,4,0.0625,14,6.103515625e-05,16384,1000,1.1310139504773742e-05,0.0,107.954,0.26490859990008175
0.2,0.08,0.04,5,0.03125,14,6.103515625e-05,16384,1000,5.662747515051519e-06,0.0,216.067,0.27562349988147616
0.2,0.08,0.04,6,0.015625,14,6.103515625e-05,16384,1000,2.89150730097344e-06,0.0,434.465,0.2479412998072803
0.2,0.08,0.04,7,0.0078125,14,6.103515625e-05,16384,1000,1.451377254135903e-06,0.0,880.176,0.2935818999540061
0.2,0.08,0.04,8,0.00390625,14,6.103515625e-05,16384,1000,7.357201098255784e-07,0.0,1808.96,0.3010112999472767
0.2,0.08,0.04,9,0.001953125,14,6.103515625e-05,16384,1000,3.7969650527839354e-07,0.0,3862.857,0.3514047998469323
0.2,0.12,0.048989794855663564,4,0.0625,14,6.103515625e-05,16384,1000,1.284554796067878e-05,0.0,108.486,0.25471520004794
0.2,0.12,0.048989794855663564,5,0.03125,14,6.103515625e-05,16384,1000,6.388372361469412e-06,0.0,217.142,0.26240010000765324
0.2,0.12,0.048989794855663564,6,0.015625,14,6.103515625e-05,16384,1000,3.125725238147847e-06,0.0,436.699,0.2335179999936372
0.2,0.12,0.048989794855663564,7,0.0078125,14,6.103515625e-05,16384,1000,1.6200720541593974e-06,0.0,884.847,0.2405177999753505
0.2,0.12,0.048989794855663564,8,0.00390625,14,6.103515625e-05,16384,1000,8.078258607895437e-07,0.0,1819.208,0.29766359995119274
0.2,0.12,0.048989794855663564,9,0.001953125,14,6.103515625e-05,16384,1000,4.251385542252749e-07,0.0,3880.887,0.3481821999885142
0.2,0.16,0.05656854249492381,4,0.0625,14,6.103515625e-05,16384,1000,1.4223928668295707e-05,0.0,109.054,0.2311770000960678
0.2,0.16,0.05656854249492381,5,0.03125,14,6.103515625e-05,16384,1000,7.038970240320527e-06,0.0,218.277,0.23868929990567267
0.2,0.16,0.05656854249492381,6,0.015625,14,6.103515625e-05,16384,1000,3.5373772198276167e-06,0.0,438.967,0.2591732000000775
0.2,0.16,0.05656854249492381,7,0.0078125,14,6.103515625e-05,16384,1000,1.83191463564292e-06,0.0,889.598,0.28171920008026063
0.2,0.16,0.05656854249492381,8,0.00390625,14,6.103515625e-05,16384,1000,9.054622060642436e-07,0.0,1830.184,0.32637470006011426
0.2,0.16,0.05656854249492381,9,0.001953125,14,6.103515625e-05,16384,1000,4.5679216267908025e-07,0.0,3904.812,0.3871528999879956
0.2,0.2,0.0632455532033676,4,0.0625,14,6.103515625e-05,16384,1000,1.5153020748491204e-05,0.0,109.609,0.2566009999718517
0.2,0.2,0.0632455532033676,5,0.03125,14,6.103515625e-05,16384,1000,7.511668263186744e-06,0.0,219.436,0.2642175001092255
0.2,0.2,0.0632455532033676,6,0.015625,14,6.103515625e-05,16384,1000,3.791297487590029e-06,0.0,441.336,0.27121250005438924
0.2,0.2,0.0632455532033676,7,0.0078125,14,6.103515625e-05,16384,1000,1.8912440890090388e-06,0.0,894.551,0.29601399996317923
0.2,0.2,0.0632455532033676,8,0.00390625,14,6.103515625e-05,16384,1000,9.73699903614164e-07,0.0,1841.207,0.3207255001179874
0.2,0.2,0.0632455532033676,9,0.001953125,14,6.103515625e-05,16384,1000,5.079765162218854e-07,0.0,3930.269,0.3535665001254529
0.2,0.24000000000000002,0.0692820323027551,4,0.0625,14,6.103515625e-05,16384,1000,1.6215736154415753e-05,0.0,110.23,0.21179560013115406
0.2,0.24000000000000002,0.0692820323027551,5,0.03125,14,6.103515625e-05,16384,1000,7.865650616882911e-06,0.0,220.663,0.22913839993998408
0.2,0.24000000000000002,0.0692820323027551,6,0.015625,14,6.103515625e-05,16384,1000,4.024656598004076e-06,0.0,443.835,0.24141169991344213
0.2,0.24000000000000002,0.0692820323027551,7,0.0078125,14,6.103515625e-05,16384,1000,2.029351028811733e-06,0.0,899.73,0.23991530016064644
0.2,0.24000000000000002,0.0692820323027551,8,0.00390625,14,6.103515625e-05,16384,1000,1.024690074932201e-06,0.0,1852.508,0.31179069983772933
0.2,0.24000000000000002,0.0692820323027551,9,0.001953125,14,6.103515625e-05,16384,1000,5.265200225775795e-07,0.0,3956.206,0.3914913001935929
0.2,0.27999999999999997,0.07483314773547883,4,0.0625,14,6.103515625e-05,16384,1000,1.6690644089269933e-05,0.0,110.865,0.25264189997687936
0.2,0.27999999999999997,0.07483314773547883,5,0.03125,14,6.103515625e-05,16384,1000,8.539423055558588e-06,0.0,221.921,0.2767435999121517
0.2,0.27999999999999997,0.07483314773547883,6,0.015625,14,6.103515625e-05,16384,1000,4.139051831331437e-06,0.0,446.424,0.26976640010252595
0.2,0.27999999999999997,0.07483314773547883,7,0.0078125,14,6.103515625e-05,16384,1000,2.1630573626978143e-06,0.0,905.109,0.26256459997966886
0.2,0.27999999999999997,0.07483314773547883,8,0.00390625,14,6.103515625e-05,16384,1000,1.0797265540408325e-06,0.0,1864.081,0.29201290011405945
0.2,0.27999999999999997,0.07483314773547883,9,0.001953125,14,6.103515625e-05,16384,1000,5.603547586210576e-07,0.0,3982.799,0.4460148001089692
0.2,0.32,0.08,4,0.0625,14,6.103515625e-05,16384,1000,1.7052316947992827e-05,0.0,111.476,0.2309534999076277
0.2,0.32,0.08,5,0.03125,14,6.103515625e-05,16384,1000,8.646360521129958e-06,0.0,223.237,0.24945200001820922
0.2,0.32,0.08,6,0.015625,14,6.103515625e-05,16384,1000,4.3495961179819035e-06,0.0,449.097,0.2752029001712799
0.2,0.32,0.08,7,0.0078125,14,6.103515625e-05,16384,1000,2.25227346916046e-06,0.0,910.707,0.2777881999500096
0.2,0.32,0.08,8,0.00390625,14,6.103515625e-05,16384,1000,1.0947295548674366e-06,0.0,1876.146,0.3439841999206692
0.2,0.32,0.08,9,0.001953125,14,6.103515625e-05,16384,1000,5.630665274216617e-07,0.0,4009.69,0.46882329997606575
0.2,0.36,0.08485281374238571,4,0.0625,14,6.103515625e-05,16384,1000,1.7637173239555375e-05,0.0,112.154,0.2453549997881055
0.2,0.36,0.08485281374238571,5,0.03125,14,6.103515625e-05,16384,1000,9.220656453928302e-06,0.0,224.597,0.26515619992278516
0.2,0.36,0.08485281374238571,6,0.015625,14,6.103515625e-05,16384,1000,4.64319635085221e-06,0.0,451.885,0.2999191000126302
0.2,0.36,0.08485281374238571,7,0.0078125,14,6.103515625e-05,16384,1000,2.3012374817995623e-06,0.0,916.519,0.2709085000678897
0.2,0.36,0.08485281374238571,8,0.00390625,14,6.103515625e-05,16384,1000,1.1770032348015943e-06,0.0,1888.805,0.33611050015315413
0.2,0.36,0.08485281374238571,9,0.001953125,14,6.103515625e-05,16384,1000,5.827611658439613e-07,0.0,4038.306,0.44333310006186366
0.2,0.39999999999999997,0.08944271909999159,4,0.0625,14,6.103515625e-05,16384,1000,1.8545518630774245e-05,0.0,112.871,0.23251970019191504
0.2,0.39999999999999997,0.08944271909999159,5,0.03125,14,6.103515625e-05,16384,1000,9.10429861649638e-06,0.0,226.035,0.27138549997471273
0.2,0.39999999999999997,0.08944271909999159,6,0.015625,14,6.103515625e-05,16384,1000,4.657591195911364e-06,0.0,454.817,0.2872523998375982
0.2,0.39999999999999997,0.08944271909999159,7,0.0078125,14,6.103515625e-05,16384,1000,2.3840618867383266e-06,0.0,922.625,0.29650630010291934
0.2,0.39999999999999997,0.08944271909999159,8,0.00390625,14,6.103515625e-05,16384,1000,1.206271153891491e-06,0.0,1902.581,0.34031510003842413
0.2,0.39999999999999997,0.08944271909999159,9,0.001953125,14,6.103515625e-05,16384,1000,5.918571019223106e-07,1.74479798311183e-05,4069.239,0.4842123999260366
0.2,0.44,0.09380831519646861,4,0.0625,14,6.103515625e-05,16384,1000,1.97248436063679e-05,0.0,113.587,0.2665277998894453
0.2,0.44,0.09380831519646861,5,0.03125,14,6.103515625e-05,16384,1000,9.521885073267513e-06,0.0,227.496,0.23400779999792576
0.2,0.44,0.09380831519646861,6,0.015625,14,6.103515625e-05,16384,1000,4.807031440828747e-06,0.0,457.838,0.24499070015735924
0.2,0.44,0.09380831519646861,7,0.0078125,14,6.103515625e-05,16384,1000,2.4581687865217923e-06,0.0,929.027,0.31096550007350743
0.2,0.44,0.09380831519646861,8,0.00390625,14,6.103515625e-05,16384,1000,1.2103135444768347e-06,0.0,1916.988,0.37012249999679625
0.2,0.44,0.09380831519646861,9,0.001953125,14,6.103515625e-05,16384,1000,6.269398684744799e-07,0.0001383734059956125,4104.835,0.47394219995476305
0.2,0.48,0.09797958971132713,4,0.0625,14,6.103515625e-05,16384,1000,2.0163346576900926e-05,0.0,114.363,0.2636176000814885
0.2,0.48,0.09797958971132713,5,0.03125,14,6.103515625e-05,16384,1000,9.922762089146633e-06,0.0,229.055,0.26528050005435944
0.2,0.48,0.09797958971132713,6,0.015625,14,6.103515625e-05,16384,1000,4.929080101778958e-06,0.0,461.036,0.2853288999758661
0.2,0.48,0.09797958971132713,7,0.0078125,14,6.103515625e-05,16384,1000,2.5334250594914266e-06,0.0,935.674,0.31378090009093285
0.2,0.48,0.09797958971132713,8,0.00390625,14,6.103515625e-05,16384,1000,1.2768814499646555e-06,0.0,1931.904,0.32706410018727183
0.2,0.48,0.09797958971132713,9,0.001953125,14,6.103515625e-05,16384,1000,6.385509630187706e-07,0.00031496412667205527,4143.329,0.48382769990712404
0.2,0.52,0.10198039027185571,4,0.0625,14,6.103515625e-05,16384,1000,2.0502824693709462e-05,0.0,115.181,0.23644199990667403
0.2,0.52,0.10198039027185571,5,0.03125,14,6.103515625e-05,16384,1000,9.971420007674056e-06,0.0,230.697,0.23863719985820353
0.2,0.52,0.10198039027185571,6,0.015625,14,6.103515625e-05,16384,1000,4.928697436841116e-06,0.0,464.388,0.23836089996621013
0.2,0.52,0.10198039027185571,7,0.0078125,14,6.103515625e-05,16384,1000,2.6185383969229626e-06,0.0,942.782,0.2808771999552846
0.2,0.52,0.10198039027185571,8,0.00390625,14,6.103515625e-05,16384,1000,1.278445668993026e-06,0.0,1947.736,0.3304850999265909
0.2,0.52,0.10198039027185571,9,0.001953125,14,6.103515625e-05,16384,1000,6.428670928141962e-07,0.0005751097931445288,4183.549,0.4875463000498712
0.2,0.56,0.10583005244258364,4,0.0625,14,6.103515625e-05,16384,1000,2.0659528274133212e-05,0.00016376769122032788,116.018,0.22272840002551675
0.2,0.56,0.10583005244258364,5,0.03125,14,6.103515625e-05,16384,1000,1.0313756937439124e-05,0.00013338611407524698,232.408,0.22798860003240407
0.2,0.56,0.10583005244258364,6,0.015625,14,6.103515625e-05,16384,1000,5.0506295836718714e-06,0.00012394777951827055,467.939,0.26918609999120235
0.2,0.56,0.10583005244258364,7,0.0078125,14,6.103515625e-05,16384,1000,2.65290577321698e-06,0.00012522796224640023,950.267,0.28775270003825426
0.2,0.56,0.10583005244258364,8,0.00390625,14,6.103515625e-05,16384,1000,1.3178790813385768e-06,0.00012013877046113434,1964.395,0.3595880998764187
0.2,0.56,0.10583005244258364,9,0.001953125,14,6.103515625e-05,16384,1000,6.62770575686089e-07,0.0008585912715171277,4226.691,0.5197278000414371
0.2,0.6000000000000001,0.10954451150103324,4,0.0625,14,6.103515625e-05,16384,1000,2.131208491272627e-05,0.0003764383796038842,116.885,0.2295087999664247
0.2,0.6000000000000001,0.10954451150103324,5,0.03125,14,6.103515625e-05,16384,1000,1.0380416429179441e-05,0.0003501325806906152,234.197,0.2418959999922663
0.2,0.6000000000000001,0.10954451150103324,6,0.015625,14,6.103515625e-05,16384,1000,5.305928927337674e-06,0.0003604581635292671,471.622,0.311382400104776
0.2,0.6000000000000001,0.10954451150103324,7,0.0078125,14,6.103515625e-05,16384,1000,2.6527179521742054e-06,0.0003465614734290692,957.983,0.32602789998054504
0.2,0.6000000000000001,0.10954451150103324,8,0.00390625,14,6.103515625e-05,16384,1000,1.3326581045090067e-06,0.0003340652153837536,1981.649,0.4164794001262635
0.2,0.6000000000000001,0.10954451150103324,9,0.001953125,14,6.103515625e-05,16384,1000,6.89910568906247e-07,0.001198597093390339,4269.992,0.5249966001138091
0.2,0.64,0.11313708498984762,4,0.0625,14,6.103515625e-05,16384,1000,2.0398663583639684e-05,0.0006196523156322151,117.808,0.251109299948439
0.2,0.64,0.11313708498984762,5,0.03125,14,6.103515625e-05,16384,1000,1.0430545436778935e-05,0.0006268716141520503,236.093,0.2503343999851495
0.2,0.64,0.11313708498984762,6,0.015625,14,6.103515625e-05,16384,1000,5.275159119963144e-06,0.0006015176753655377,475.464,0.2666647001169622
0.2,0.64,0.11313708498984762,7,0.0078125,14,6.103515625e-05,16384,1000,2.7558811722193405e-06,0.0005888958461626036,966.215,0.29662489984184504
0.2,0.64,0.11313708498984762,8,0.00390625,14,6.103515625e-05,16384,1000,1.3710746101527468e-06,0.0005693548145222968,2000.51,0.3960179998539388
0.2,0.64,0.11313708498984762,9,0.001953125,14,6.103515625e-05,16384,1000,6.785162594540729e-07,0.0017703094217174644,4314.5,0.5147702000103891
0.2,0.68,0.11661903789690603,4,0.0625,14,6.103515625e-05,16384,1000,2.1957216030224254e-05,0.0009764474149396454,118.798,0.2587105000857264
0.2,0.68,0.11661903789690603,5,0.03125,14,6.103515625e-05,16384,1000,1.0696626696523027e-05,0.0009871668311944718,238.055,0.24625570001080632
0.2,0.68,0.11661903789690603,6,0.015625,14,6.103515625e-05,16384,1000,5.406057526886895e-06,0.00095719722642198,479.525,0.2711877999827266
0.2,0.68,0.11661903789690603,7,0.0078125,14,6.103515625e-05,16384,1000,2.7266937692250586e-06,0.0009315017901658852,974.77,0.2611879000905901
0.2,0.68,0.11661903789690603,8,0.00390625,14,6.103515625e-05,16384,1000,1.3333686782647134e-06,0.0008979268976625686,2020.209,0.595402600010857
0.2,0.68,0.11661903789690603,9,0.001953125,14,6.103515625e-05,16384,1000,6.970364014240658e-07,0.002518982974959722,4359.696,0.4984971000812948
0.2,0.7200000000000001,0.12000000000000002,4,0.0625,14,6.103515625e-05,16384,1000,2.171851402988665e-05,0.0012935099183002444,119.829,0.24891320010647178
0.2,0.7200000000000001,0.12000000000000002,5,0.03125,14,6.103515625e-05,16384,1000,1.09523632847337e-05,0.0013117566712196422,240.136,0.2529421001672745
0.2,0.7200000000000001,0.12000000000000002,6,0.015625,14,6.103515625e-05,16384,1000,5.461726296595292e-06,0.001281521289789169,483.8,0.28334530000574887
0.2,0.7200000000000001,0.12000000000000002,7,0.0078125,14,6.103515625e-05,16384,1000,2.71196898827781e-06,0.0012571853682729912,983.944,0.3387428999412805
0.2,0.7200000000000001,0.12000000000000002,8,0.00390625,14,6.103515625e-05,16384,1000,1.3872537737670213e-06,0.0012071744572859152,2041.13,0.39112009992823005
0.2,0.7200000000000001,0.12000000000000002,9,0.001953125,14,6.103515625e-05,16384,1000,7.059742263587778e-07,0.0035588319621565655,4405.097,0.5672685001045465
0.2,0.76,0.12328828005937954,4,0.0625,14,6.103515625e-05,16384,1000,2.2165281685751502e-05,0.0017207005236554958,120.881,0.2606744000222534
0.2,0.76,0.12328828005937954,5,0.03125,14,6.103515625e-05,16384,1000,1.064865651711292e-05,0.0017249775092645324,242.322,0.2599623999558389
0.2,0.76,0.12328828005937954,6,0.015625,14,6.103515625e-05,16384,1000,5.492790460431462e-06,0.001681312447650975,488.309,0.2926435999106616
0.2,0.76,0.12328828005937954,7,0.0078125,14,6.103515625e-05,16384,1000,2.8473861211552946e-06,0.0016475442834138487,993.6,0.32643429981544614
0.2,0.76,0.12328828005937954,8,0.00390625,14,6.103515625e-05,16384,1000,1.4025843167938041e-06,0.00158794152963786,2063.678,0.4098821999505162
0.2,0.76,0.12328828005937954,9,0.001953125,14,6.103515625e-05,16384,1000,7.11711339802969e-07,0.004982040124989049,4451.59,0.6057144000660628
0.2,0.8,0.1264911064067352,4,0.0625,14,6.103515625e-05,16384,1000,2.274328323240796e-05,0.0023846790517008253,122.029,0.22949240007437766
0.2,0.8,0.1264911064067352,5,0.03125,14,6.103515625e-05,16384,1000,1.0782696215228268e-05,0.002305777116388597,244.603,0.26976660010404885
0.2,0.8,0.1264911064067352,6,0.015625,14,6.103515625e-05,16384,1000,5.6455527065940945e-06,0.0023017643480024337,493.1,0.3004022999666631
0.2,0.8,0.1264911064067352,7,0.0078125,14,6.103515625e-05,16384,1000,2.8704918495349943e-06,0.002256513253653011,1003.761,0.30959309986792505
0.2,0.8,0.1264911064067352,8,0.00390625,14,6.103515625e-05,16384,1000,1.4229445053731082e-06,0.0021590131375087344,2087.991,0.4211085999850184
0.2,0.8,0.1264911064067352,9,0.001953125,14,6.103515625e-05,16384,1000,7.02376790196537e-07,0.007048431517282015,4499.157,0.47943810001015663
0.2,0.8400000000000001,0.12961481396815722,4,0.0625,14,6.103515625e-05,16384,1000,2.2551974765431727e-05,0.00325460595730866,123.21,0.28658930002711713
0.2,0.8400000000000001,0.12961481396815722,5,0.03125,14,6.103515625e-05,16384,1000,1.0845748589478812e-05,0.003169488712491348,247.043,0.2436539998743683
0.2,0.8400000000000001,0.12961481396815722,6,0.015625,14,6.103515625e-05,16384,1000,5.493082701686257e-06,0.00315197751455531,498.1,0.2950233002193272
0.2,0.8400000000000001,0.12961481396815722,7,0.0078125,14,6.103515625e-05,16384,1000,2.861398004546086e-06,0.003064663512958036,1014.467,0.323296400019899
0.2,0.8400000000000001,0.12961481396815722,8,0.00390625,14,6.103515625e-05,16384,1000,1.4320362420234166e-06,0.0029354837183109255,2113.11,0.44592060009017587
0.2,0.8400000000000001,0.12961481396815722,9,0.001953125,14,6.103515625e-05,16384,1000,7.236079531522831e-07,0.00957324463929323,4545.063,0.6150235999375582
0.2,0.88,0.13266499161421602,4,0.0625,14,6.103515625e-05,16384,1000,2.3285622860063854e-05,0.004322465572927547,124.466,0.2145909999962896
0.2,0.88,0.13266499161421602,5,0.03125,14,6.103515625e-05,16384,1000,1.1095513281296474e-05,0.004210619093214533,249.607,0.2511523000430316
0.2,0.88,0.13266499161421602,6,0.015625,14,6.103515625e-05,16384,1000,5.734629063785527e-06,0.004132239614271325,503.359,0.29841469996608794
0.2,0.88,0.13266499161421602,7,0.0078125,14,6.103515625e-05,16384,1000,3.07248420145571e-06,0.004051448324536998,1025.806,0.36811759998090565
0.2,0.88,0.13266499161421602,8,0.00390625,14,6.103515625e-05,16384,1000,1.3895017537884637e-06,0.0038792787158933115,2139.573,0.41713240020908415
0.2,0.88,0.13266499161421602,9,0.001953125,14,6.103515625e-05,16384,1000,7.375537544624342e-07,0.012365584022058364,4592.181,0.6129018000792712
0.2,0.92,0.13564659966250536,4,0.0625,14,6.103515625e-05,16384,1000,2.3813902224823613e-05,0.005541201256111619,125.785,0.24705870007164776
0.2,0.92,0.13564659966250536,5,0.03125,14,6.103515625e-05,16384,1000,1.1080582868149536e-05,0.0055498735421671466,252.258,0.2624819001648575
0.2,0.92,0.13564659966250536,6,0.015625,14,6.103515625e-05,16384,1000,5.722332895182831e-06,0.005462966783982896,508.881,0.3091680998913944
0.2,0.92,0.13564659966250536,7,0.0078125,14,6.103515625e-05,16384,1000,2.975948034240885e-06,0.0053386938702350475,1037.707,0.3522841997910291
0.2,0.92,0.13564659966250536,8,0.00390625,14,6.103515625e-05,16384,1000,1.455899525596293e-06,0.005106798867247686,2167.111,0.487928899936378
0.2,0.92,0.13564659966250536,9,0.001953125,14,6.103515625e-05,16384,1000,7.402372606717151e-07,0.015418174607109217,4639.33,0.5813099998049438
0.2,0.9600000000000001,0.1385640646055102,4,0.0625,14,6.103515625e-05,16384,1000,2.305470993161684e-05,0.007203919687305844,127.153,0.32303650001995265
0.2,0.9600000000000001,0.1385640646055102,5,0.03125,14,6.103515625e-05,16384,1000,1.1340954930284181e-05,0.007029828743491625,255.056,0.3193707000464201
0.2,0.9600000000000001,0.1385640646055102,6,0.015625,14,6.103515625e-05,16384,1000,5.877223930678836e-06,0.007004202521512908,514.691,0.32950750016607344
0.2,0.9600000000000001,0.1385640646055102,7,0.0078125,14,6.103515625e-05,16384,1000,2.8484765978880938e-06,0.006823315645724691,1050.076,0.40741810016334057
0.2,0.9600000000000001,0.1385640646055102,8,0.00390625,14,6.103515625e-05,16384,1000,1.4956301706336002e-06,0.006511124157245288,2195.627,0.512744199950248
0.2,0.9600000000000001,0.1385640646055102,9,0.001953125,14,6.103515625e-05,16384,1000,7.407466518445942e-07,0.018844372268143113,4687.288,0.561299400171265
0.2,1.0,0.14142135623730953,4,0.0625,14,6.103515625e-05,16384,1000,2.291337759093731e-05,0.009122228530100243,128.587,0.2503776999656111
0.2,1.0,0.14142135623730953,5,0.03125,14,6.103515625e-05,16384,1000,1.173075394655313e-05,0.009008799472806915,257.97,0.25487360008992255
0.2,1.0,0.14142135623730953,6,0.015625,14,6.103515625e-05,16384,1000,5.8486176194079004e-06,0.008809278261420661,520.701,0.30933389998972416
0.2,1.0,0.14142135623730953,7,0.0078125,14,6.103515625e-05,16384,1000,3.074320110919905e-06,0.008619465013646075,1062.943,0.37446469999849796
0.2,1.0,0.14142135623730953,8,0.00390625,14,6.103515625e-05,16384,1000,1.3834488338051673e-06,0.008223072235773307,2225.324,0.49331339984200895
0.2,1.0,0.14142135623730953,9,0.001953125,14,6.103515625e-05,16384,1000,7.442492808044683e-07,0.02249845970378172,4736.102,0.6553702999372035
0.2,1.04,0.1442220510185596,4,0.0625,14,6.103515625e-05,16384,1000,2.239669649735921e-05,0.011654814530078801,130.075,0.27977610006928444
0.2,1.04,0.1442220510185596,5,0.03125,14,6.103515625e-05,16384,1000,1.1983461717414612e-05,0.011487602355763151,260.977,0.2674829999450594
0.2,1.04,0.1442220510185596,6,0.015625,14,6.103515625e-05,16384,1000,5.60130639929405e-06,0.011330509246606542,526.896,0.313859699992463
0.2,1.04,0.1442220510185596,7,0.0078125,14,6.103515625e-05,16384,1000,2.9408926740386306e-06,0.011070679888791424,1076.176,0.4211074998602271
0.2,1.04,0.1442220510185596,8,0.00390625,14,6.103515625e-05,16384,1000,1.498265180951513e-06,0.010526213091068418,2254.942,0.5387234999798238
0.2,1.04,0.1442220510185596,9,0.001953125,14,6.103515625e-05,16384,1000,7.580363616587684e-07,0.025992968863153245,4784.717,0.6125010000541806
0.2,1.08,0.1469693845669907,4,0.0625,14,6.103515625e-05,16384,1000,2.238494766187147e-05,0.014733818634975152,131.602,0.2685875000897795
0.2,1.08,0.1469693845669907,5,0.03125,14,6.103515625e-05,16384,1000,1.1886125743326842e-05,0.01443727565995729,264.108,0.34955239994451404
0.2,1.08,0.1469693845669907,6,0.015625,14,6.103515625e-05,16384,1000,5.9616899887428095e-06,0.01426878567196418,533.332,0.3886371999979019
0.2,1.08,0.1469693845669907,7,0.0078125,14,6.103515625e-05,16384,1000,2.9480995063294656e-06,0.013878401823174463,1089.967,0.36752660013735294
0.2,1.08,0.1469693845669907,8,0.00390625,14,6.103515625e-05,16384,1000,1.4399390193900286e-06,0.013199499545040946,2285.92,0.5676391001325101
0.2,1.08,0.1469693845669907,9,0.001953125,14,6.103515625e-05,16384,1000,7.636319178120171e-07,0.02981985771260611,4833.457,0.7157803000882268
0.2,1.12,0.14966629547095767,4,0.0625,14,6.103515625e-05,16384,1000,2.300515768357321e-05,0.01827807607103969,133.165,0.29758249991573393
0.2,1.12,0.14966629547095767,5,0.03125,14,6.103515625e-05,16384,1000,1.1700386166695771e-05,0.017855673188432907,267.31,0.3662771999370307
0.2,1.12,0.14966629547095767,6,0.015625,14,6.103515625e-05,16384,1000,5.666802240254443e-06,0.01760010371522762,539.94,0.48396380012854934
0.2,1.12,0.14966629547095767,7,0.0078125,14,6.103515625e-05,16384,1000,2.8826629239497397e-06,0.01717424325452861,1104.037,0.4200307000428438
0.2,1.12,0.14966629547095767,8,0.00390625,14,6.103515625e-05,16384,1000,1.434379198432072e-06,0.016300332790190285,2317.376,0.5791275999508798
0.2,1.12,0.14966629547095767,9,0.001953125,14,6.103515625e-05,16384,1000,7.575419387165804e-07,0.03377202271637023,4882.118,0.730859600007534
0.2,1.1600000000000001,0.1523154621172782,4,0.0625,14,6.103515625e-05,16384,1000,2.3528420488841682e-05,0.022442151182200592,134.791,0.2918302998878062
0.2,1.1600000000000001,0.1523154621172782,5,0.03125,14,6.103515625e-05,16384,1000,1.13307354947637e-05,0.021938268365955593,270.623,0.4353334999177605
0.2,1.1600000000000001,0.1523154621172782,6,0.015625,14,6.103515625e-05,16384,1000,6.050670747814191e-06,0.02166731903965818,546.722,0.34668580000288785
0.2,1.1600000000000001,0.1523154621172782,7,0.0078125,14,6.103515625e-05,16384,1000,2.884465052961245e-06,0.02110086492441748,1118.248,0.39201670000329614
0.2,1.1600000000000001,0.1523154621172782,8,0.00390625,14,6.103515625e-05,16384,1000,1.4298313134443963e-06,0.02003420671529144,2349.831,0.5603354000486434
0.2,1.1600000000000001,0.1523154621172782,9,0.001953125,14,6.103515625e-05,16384,1000,7.290774951928879e-07,0.03806174752894067,4930.173,0.8068512000609189
0.2,1.2,0.15491933384829668,4,0.0625,14,6.103515625e-05,16384,1000,2.3585998107459538e-05,0.026962077252212648,136.488,0.592240700032562
0.2,1.2,0.15491933384829668,5,0.03125,14,6.103515625e-05,16384,1000,1.1897104574702962e-05,0.026453037464187302,273.995,0.449637999990955
0.2,1.2,0.15491933384829668,6,0.015625,14,6.103515625e-05,16384,1000,5.877297461588942e-06,0.02601251591580202,553.695,0.36401449982076883
0.2,1.2,0.15491933384829668,7,0.0078125,14,6.103515625e-05,16384,1000,3.0260000787795265e-06,0.025340435411285524,1132.814,0.4087994999717921
0.2,1.2,0.15491933384829668,8,0.00390625,14,6.103515625e-05,16384,1000,1.4610037243003067e-06,0.02401792541596685,2382.762,0.5484615999739617
0.2,1.2,0.15491933384829668,9,0.001953125,14,6.103515625e-05,16384,1000,7.432780227187366e-07,0.04245391221416212,4978.434,0.7140461001545191
0.2,1.24,0.15748015748023625,4,0.0625,14,6.103515625e-05,16384,1000,2.4103036615083025e-05,0.03154695132983536,138.175,0.30519929993897676
0.2,1.24,0.15748015748023625,5,0.03125,14,6.103515625e-05,16384,1000,1.1379855755984942e-05,0.03117836185642815,277.436,0.38461629999801517
0.2,1.24,0.15748015748023625,6,0.015625,14,6.103515625e-05,16384,1000,6.081999423476903e-06,0.030620161260118885,560.709,0.3748530000448227
0.2,1.24,0.15748015748023625,7,0.0078125,14,6.103515625e-05,16384,1000,3.0579334229747324e-06,0.029824255678798282,1147.69,0.4835037998855114
0.2,1.24,0.15748015748023625,8,0.00390625,14,6.103515625e-05,16384,1000,1.4924040232967986e-06,0.02825464194933933,2415.957,0.7980587999336421
0.2,1.24,0.15748015748023625,9,0.001953125,14,6.103515625e-05,16384,1000,7.601618669590404e-07,0.046791936239664364,5025.695,0.8158649001270533
0.2,1.28,0.16,4,0.0625,14,6.103515625e-05,16384,1000,2.3843997843970617e-05,0.0365183199285076,139.875,0.27271940000355244
0.2,1.28,0.16,5,0.03125,14,6.103515625e-05,16384,1000,1.2723909995144784e-05,0.03601275644584917,280.956,0.29656650009565055
0.2,1.28,0.16,6,0.015625,14,6.103515625e-05,16384,1000,6.137496687326191e-06,0.03537244157710132,567.928,0.30283470009453595
0.2,1.28,0.16,7,0.0078125,14,6.103515625e-05,16384,1000,3.2613278856792885e-06,0.03440537168515211,1162.987,0.36767170019447803
0.2,1.28,0.16,8,0.00390625,14,6.103515625e-05,16384,1000,1.5110691024211922e-06,0.03257104586417589,2450.213,0.4825069000944495
0.2,1.28,0.16,9,0.001953125,14,6.103515625e-05,16384,1000,7.315109363828402e-07,0.05146684104722174,5072.431,0.5982870000880212
0.2,1.32,0.16248076809271922,4,0.0625,14,6.103515625e-05,16384,1000,2.4357866508190518e-05,0.041392551599514354,141.668,0.22543259989470243
0.2,1.32,0.16248076809271922,5,0.03125,14,6.103515625e-05,16384,1000,1.2637089105264348e-05,0.04085612683777022,284.584,0.2595512999687344
0.2,1.32,0.16248076809271922,6,0.015625,14,6.103515625e-05,16384,1000,6.095932239022409e-06,0.04011443886889067,575.329,0.2997721000574529
0.2,1.32,0.16248076809271922,7,0.0078125,14,6.103515625e-05,16384,1000,3.136424376471506e-06,0.03897678412048773,1178.676,0.2960620999801904
0.2,1.32,0.16248076809271922,8,0.00390625,14,6.103515625e-05,16384,1000,1.4457948206970576e-06,0.03686391934840749,2485.357,0.52278280002065
0.2,1.32,0.16248076809271922,9,0.001953125,14,6.103515625e-05,16384,1000,7.468164530165759e-07,0.05642695511056645,5118.777,0.6226766998879611
0.2,1.36,0.16492422502470644,4,0.0625,14,6.103515625e-05,16384,1000,2.513176146827116e-05,0.04671099401998913,143.478,0.2356509999372065
0.2,1.36,0.16492422502470644,5,0.03125,14,6.103515625e-05,16384,1000,1.3506477025544649e-05,0.045813788892281215,288.232,0.28337069996632636
0.2,1.36,0.16492422502470644,6,0.015625,14,6.103515625e-05,16384,1000,6.400103070258608e-06,0.04516515321256581,582.883,0.31577799981459975
0.2,1.36,0.16492422502470644,7,0.0078125,14,6.103515625e-05,16384,1000,3.0661470277212585e-06,0.0438208587354557,1194.454,0.3865082000847906
0.2,1.36,0.16492422502470644,8,0.00390625,14,6.103515625e-05,16384,1000,1.432948660322574e-06,0.04144920268938607,2520.724,0.5124282999895513
0.2,1.36,0.16492422502470644,9,0.001953125,14,6.103515625e-05,16384,1000,7.507644224589288e-07,0.06144117884533057,5164.647,0.5826855001505464
0.2,1.4000000000000001,0.16733200530681513,4,0.0625,14,6.103515625e-05,16384,1000,2.605128784903006e-05,0.052017394176253645,145.336,0.254743600031361
0.2,1.4000000000000001,0.16733200530681513,5,0.03125,14,6.103515625e-05,16384,1000,1.2817176440406383e-05,0.05139173827716947,291.973,0.24644059990532696
0.2,1.4000000000000001,0.16733200530681513,6,0.015625,14,6.103515625e-05,16384,1000,6.687686989309058e-06,0.050330717621678005,590.534,0.30927959992550313
0.2,1.4000000000000001,0.16733200530681513,7,0.0078125,14,6.103515625e-05,16384,1000,3.413140685309739e-06,0.048874158727221506,1210.517,0.3626749999821186
0.2,1.4000000000000001,0.16733200530681513,8,0.00390625,14,6.103515625e-05,16384,1000,1.492082147594503e-06,0.046191669831426196,2556.803,0.5393618999514729
0.2,1.4000000000000001,0.16733200530681513,9,0.001953125,14,6.103515625e-05,16384,1000,7.783904140688914e-07,0.0665383021765093,5210.683,0.6221806001849473
0.2,1.4400000000000002,0.16970562748477144,4,0.0625,14,6.103515625e-05,16384,1000,2.8377599805939508e-05,0.057843323732405846,147.208,0.2799108000472188
0.2,1.4400000000000002,0.16970562748477144,5,0.03125,14,6.103515625e-05,16384,1000,1.5009377291550742e-05,0.056962881313524075,295.754,0.5632737998384982
0.2,1.4400000000000002,0.16970562748477144,6,0.015625,14,6.103515625e-05,16384,1000,7.324217996161893e-06,0.05593774443931888,598.308,0.5127312999684364
0.2,1.4400000000000002,0.16970562748477144,7,0.0078125,14,6.103515625e-05,16384,1000,3.7852227520011627e-06,0.05434785266522835,1226.893,0.49125450011342764
0.2,1.4400000000000002,0.16970562748477144,8,0.00390625,14,6.103515625e-05,16384,1000,1.4680731149901117e-06,0.05127662257578229,2593.053,0.5380094000138342
0.2,1.4400000000000002,0.16970562748477144,9,0.001953125,14,6.103515625e-05,16384,1000,7.269060715814518e-07,0.07167811783073784,5257.253,0.6399213001132011
0.2,1.48,0.17204650534085256,4,0.0625,14,6.103515625e-05,16384,1000,2.8671329848244493e-05,0.06383221247007866,149.141,0.28132449998520315
0.2,1.48,0.17204650534085256,5,0.03125,14,6.103515625e-05,16384,1000,1.6249108652590593e-05,0.06286271120262436,299.653,0.28496279986575246
0.2,1.48,0.17204650534085256,6,0.015625,14,6.103515625e-05,16384,1000,7.180722634556243e-06,0.06157379072103892,606.167,0.3100014999508858
0.2,1.48,0.17204650534085256,7,0.0078125,14,6.103515625e-05,16384,1000,3.549994414341012e-06,0.059728776809468205,1243.404,0.3825872999150306
0.2,1.48,0.17204650534085256,8,0.00390625,14,6.103515625e-05,16384,1000,1.4657371273404085e-06,0.056393847155604526,2629.223,0.5668614001479
0.2,1.48,0.17204650534085256,9,0.001953125,14,6.103515625e-05,16384,1000,7.340896966396988e-07,0.07683921578389363,5302.722,0.7044186000712216
0.2,1.52,0.17435595774162696,4,0.0625,14,6.103515625e-05,16384,1000,3.1171829319332625e-05,0.06973927202684724,151.077,0.6988181001506746
0.2,1.52,0.17435595774162696,5,0.03125,14,6.103515625e-05,16384,1000,1.588893445302579e-05,0.06872617906425929,303.567,0.2690776998642832
0.2,1.52,0.17435595774162696,6,0.015625,14,6.103515625e-05,16384,1000,8.26747310878436e-06,0.0673302822645638,614.211,0.30642909999005497
0.2,1.52,0.17435595774162696,7,0.0078125,14,6.103515625e-05,16384,1000,3.456085100457038e-06,0.06536166566159901,1260.28,0.3864265999291092
0.2,1.52,0.17435595774162696,8,0.00390625,14,6.103515625e-05,16384,1000,1.4937069055152213e-06,0.06163820001560091,2666.512,0.4740321000572294
0.2,1.52,0.17435595774162696,9,0.001953125,14,6.103515625e-05,16384,1000,7.359214909674129e-07,0.08231257418312309,5347.409,0.5895792001392692
0.2,1.56,0.17663521732655696,4,0.0625,14,6.103515625e-05,16384,1000,3.1805646604058245e-05,0.07617933926949887,153.073,0.30129959993064404
0.2,1.56,0.17663521732655696,5,0.03125,14,6.103515625e-05,16384,1000,1.765074484464899e-05,0.07510606134490662,307.605,0.3539070999249816
0.2,1.56,0.17663521732655696,6,0.015625,14,6.103515625e-05,16384,1000,8.938571325417602e-06,0.07353193977864426,622.437,0.7496498001273721
0.2,1.56,0.17663521732655696,7,0.0078125,14,6.103515625e-05,16384,1000,4.2130428342127225e-06,0.07125607173750524,1277.435,0.5434627998620272
0.2,1.56,0.17663521732655696,8,0.00390625,14,6.103515625e-05,16384,1000,1.4797771008661335e-06,0.06713922691322927,2704.276,0.572942900005728
0.2,1.56,0.17663521732655696,9,0.001953125,14,6.103515625e-05,16384,1000,7.167028752982556e-07,0.08799144483571536,5391.831,0.6706681998912245
0.2,1.6,0.1788854381999832,4,0.0625,14,6.103515625e-05,16384,1000,3.0822354410800245e-05,0.08328174971629011,155.088,0.2785485000349581
0.2,1.6,0.1788854381999832,5,0.03125,14,6.103515625e-05,16384,1000,1.8298585891630706e-05,0.08183530272356562,311.687,0.2799966000020504
0.2,1.6,0.1788854381999832,6,0.015625,14,6.103515625e-05,16384,1000,1.0256326658889813e-05,0.08012777830622404,630.78,0.323983300011605
0.2,1.6,0.1788854381999832,7,0.0078125,14,6.103515625e-05,16384,1000,4.482131683780816e-06,0.07774392716067974,1294.905,0.393680099863559
0.2,1.6,0.1788854381999832,8,0.00390625,14,6.103515625e-05,16384,1000,1.4688531834617826e-06,0.07306352405228682,2743.024,0.5276933000423014
0.2,1.6,0.1788854381999832,9,0.001953125,14,6.103515625e-05,16384,1000,7.278399346540002e-07,0.0940775691466003,5435.589,0.6262026999611408
